id,smiles,dG,code,train_test,3,smiles_len
0_,C1=CC(=CC=C1O)O,-12.21,labeled_pubchem,train,,15
1_,CC1=C(SC=[N+]1CC2=CN=C(N=C2N)C)CCO,-4.62,labeled_pubchem,train,,34
2_,CC1=C(SC=[N+]1CC2=CN=C(N=C2N)C)CCOP(=O)(O)O,-5.39,labeled_pubchem,train,test,43
3_,CC1=C(SC=[N+]1CC2=CN=C(N=C2N)C)CCOP(=O)(O)OP(=O)(O)O,-9.61,labeled_pubchem,train,,52
4_,CC1=C(SC=N1)CCO,-3.48,labeled_pubchem,train,,15
5_,CC=C1C2CC3=C(C1(CC(=C2)C)N)C=CC(=O)N3,-8.65,labeled_pubchem,train,,37
6_,C[N+](C)(CC=C)C1=CC=C(C=C1)CCC(=O)CCC2=CC=C(C=C2)[N+](C)(C)CC=C,-10.27,labeled_pubchem,train,,63
7_,C1CCC2=NC3=CC=CC=C3C(=C2C1)N,-9.89,labeled_pubchem,train,test,28
8_,CCOC1=CC2=C(C3=C(C=C(C=C3)N)N=C2C=C1)N,-8.64,labeled_pubchem,train,,38
9_,CC[N+](CC)(CCNC(=O)C(=O)NCC[N+](CC)(CC)CC1=CC=CC=C1Cl)CC2=CC=CC=C2Cl,-12.07,labeled_pubchem,train,,68
10_,CC1(OC2=C(O1)C(=CC=C2)OC(=O)NC)C,-9.52,labeled_pubchem,train,test,32
11_,C[N+](C)(C)CCOC(=O)N,-8.4,labeled_pubchem,train,,20
12_,CC1(CC2=C(O1)C(=CC=C2)OC(=O)NC)C,-8.72,labeled_pubchem,train,,32
13_,C[N+]1=C2C(=C3C=CC(=C(C3=C1)OC)OC)C=CC4=CC5=C(C=C42)OCO5,-8.52,labeled_pubchem,train,,56
14_,C[N+](C)(C)CCCCCCCCCC[N+](C)(C)C,-10.5,labeled_pubchem,train,,32
15_,COC1=C(C=C2C(=C1)CC(C2=O)CC3CCN(CC3)CC4=CC=CC=C4)OC,-10.82,labeled_pubchem,train,,51
16_,CC[N+](C)(C)C1=CC(=CC=C1)O,-8.63,labeled_pubchem,train,,26
17_,CCN(CC)C(C)CN1C2=CC=CC=C2SC3=CC=CC=C31,-4.92,labeled_pubchem,train,,38
18_,CC[N+](CC)(CC)CCOC1=C(C(=CC=C1)OCC[N+](CC)(CC)CC)OCC[N+](CC)(CC)CC,-10.44,labeled_pubchem,train,,66
19_,CCC1=CC2CC(C1)C3=C(C4=C(C=C(C=C4)Cl)N=C3C2)N,-14.49,labeled_pubchem,train,,44
20_,CN(C)C1=CC2=C(C=C1)N=C3C=CC(=[N+](C)C)C=C3S2,-9.53,labeled_pubchem,train,,44
21_,CN(C)C(=O)OC1=CC=CC(=C1)[N+](C)(C)C,-7.28,labeled_pubchem,train,,35
22_,C1CCN(C1)CC#CCN2CCCC2=O,-9.99,labeled_pubchem,train,,23
23_,C1=CC(=O)C=CC1=O,-8.24,labeled_pubchem,train,test,16
24_,CCN(CC)CCNC(=O)C1=CC=C(C=C1)N,-8.21,labeled_pubchem,train,,29
25_,CC[N+](C)(CC)CCC[N+]1=C2C=C(C=CC2=C3C=CC(=CC3=C1C4=CC=CC=C4)N)N,-8.34,labeled_pubchem,train,,63
26_,CC(C)OC1=CC=CC=C1OC(=O)NC,-10.64,labeled_pubchem,train,,25
27_,C[N+]1=CC=CC(=C1)OC(=O)N(C)C,-6.44,labeled_pubchem,train,,28
28_,C[N+](C)(C)CCOC(=O)CCC(=O)OCC[N+](C)(C)C,-14.62,labeled_pubchem,train,,40
29_,C[N+](C)(C)C1=CC=CC(=C1)C(=O)C(F)(F)F,-10.71,labeled_pubchem,train,,37
30_,CC(C)OP(=O)(OC(C)C)F,-7.15,labeled_pubchem,train,test,20
31_,C[C@@]12CCN([C@@H]1N(C3=C2C=C(C=C3)OC(=O)NC)C)C,-9.19,labeled_pubchem,train,test,47
32_,C1(=C(C(=O)C(=C(C1=O)Cl)Cl)Cl)Cl,-9.29,labeled_pubchem,train,,32
33_,C[N+](C)(CCCCCC[N+](C)(C)C1C2=CC=CC=C2C3=CC=CC=C13)C4C5=CC=CC=C5C6=CC=CC=C46.[Br-].[Br-],-8.06,labeled_pubchem,train,test,88
34_,CN1CC[C@@]23C=C[C@@H](C[C@@H]2OC4=C(C=CC(=C34)C1)OC)O,-8.82,labeled_pubchem,train,,53
35_,CCOP(=O)(OCC)SCC[N+](C)(C)C.[I-],-11.75,labeled_pubchem,train,,32
36_,C1=CC=C2C(=C1)C=CC(=O)C2=O,-8.89,labeled_pubchem,train,,26
37_,COC1=C(C2=C[N+]3=C(C=C2C=C1)C4=CC5=C(C=C4CC3)OCO5)OC.[Cl-],-8.95,labeled_pubchem,train,,58
38_,CC1=CSC=N1,-2.71,labeled_pubchem,train,,10
39_,CC(C)(C)C1=CC(=CC=C1)OC(=O)NC,-9.45,labeled_pubchem,train,test,29
40_,CC1=CC2=C(C=C1)[N+](=C(S2)C3=CC=C(C=C3)N(C)C)C,-7.74,labeled_pubchem,train,,46
41_,COC1=CC2=C(C3=C(C=C(C=C3)Cl)N=C2C=C1)N,-10.01,labeled_pubchem,train,,38
42_,C[N+]1=C2C=CC=CC2=CC3=CC=CC=C31,-8.38,labeled_pubchem,train,,31
43_,CCC1=C(N=CS1)C,-6.01,labeled_pubchem,train,,14
44_,CCC1=C2CN3C(=CC4=C(C3=O)COC(=O)[C@@]4(CC)O)C2=NC5=C1C=C(C=C5)OC(=O)N6CCC(CC6)N7CCCCC7,-10.18,labeled_pubchem,train,,85
45_,CC(=O)[C@@H]1CC[C@]2([C@H]1[C@H]3CC[C@@H]4[C@]5(CC[C@@H](C([C@@H]5CC[C@]4([C@@]3(CC2)C)C)(C)C)O)C)C(=O)O,-6.12,labeled_pubchem,train,,104
46_,CCOP(=O)(OCC)SCCN(C)C,-12.08,labeled_pubchem,train,,21
47_,C1=CN=CN=C1N,-2.99,labeled_pubchem,train,,12
48_,C1(=C(C(=O)C(=O)C(=C1Cl)Cl)Cl)Cl,-7.91,labeled_pubchem,train,,32
49_,CCN(C)C(=O)OC1=CC=CC(=C1)[C@H](C)N(C)C,-8.76,labeled_pubchem,train,test,38
50_,COC1=CC(=C(C=C1)OC)Br,-11.46,labeled_pubchem,train,,21
51_,CC(=O)CCC[N+](C)(C)C,-14.57,labeled_pubchem,train,,20
52_,C1=CC=C2C(=C1)C3=C(C=C(C=C3)[N+](=O)[O-])C(=O)C2=O,-8.31,labeled_pubchem,train,,50
53_,CC1C(SCN1CC2=CN=C(N=C2N)C)CCO,-4.55,labeled_pubchem,train,,29
54_,C1=CC(=C(C(=C1)O)C(=O)CCCCCCCCC2=CC(=C(C=C2)O)O)O,-7.16,labeled_pubchem,train,test,49
55_,C1=CC=C2C(=C1)N(C3=CC=CC=C3S2)C(=O)N,-5.54,labeled_pubchem,train,test,36
56_,CC(=O)[C@@H]1CC[C@]2([C@H]1[C@H]3CC[C@@H]4[C@]5(CC[C@@H](C([C@@H]5CC[C@]4([C@@]3(CC2)C)C)(C)C)O)C)C(=O)OC,-8.38,labeled_pubchem,train,,105
57_,C[C@@]12CC[C@@]3([C@@]([C@]1(CC4=C(O2)C=C(OC4=O)C5=CC(=C(C(=C5)OC)OC)OC)O)(C(=O)C=CC3(C)C)C)O,-12.01,labeled_pubchem,train,,93
58_,COC1=CC2=C(C=C1)N=C3CCCCC3=C2N,-7.45,labeled_pubchem,train,,30
59_,C1=CC(=CC(=C1)O)C2=C3C=CC(=C(C4=CC=C(N4)C(=C5C=CC(=N5)C(=C6C=CC2=N6)C7=CC(=CC=C7)O)C8=CC(=CC=C8)O)C9=CC(=CC=C9)O)N3,-6.2,labeled_pubchem,train,,115
60_,C1=CC(=CC(=C1)C(F)(F)F)C(=O)C(F)(F)F,-12.88,labeled_pubchem,train,test,36
61_,CCC[N+]1=CC2=CC=CC=C2C3=CC=CC=C31.[Br-],-7.09,labeled_pubchem,train,,39
62_,C1=CC(=C(C(=C1)O)C(=O)CCCCCCCCC2=CC=C(C=C2)O)O,-7.34,labeled_pubchem,train,,46
63_,CN1[C@@H]2CC[C@H]1CC(C2)OC(=O)C(CO)C3=CC=CC=C3,-12.74,labeled_pubchem,train,test,46
64_,C=CCCCCCCCC1CCC(N1)CCCCC=C,-7.67,labeled_pubchem,train,,26
65_,CCCCCCCCCC1CCC(N1)CCCCC=C,-7.97,labeled_pubchem,train,test,25
66_,COC1=C2C3=C(C(=O)CC3)C(=O)OC2=C4[C@@H]5C=CO[C@@H]5OC4=C1,-6.23,labeled_pubchem,train,test,56
67_,CCCCNC(=O)OCCO,-7.97,labeled_pubchem,train,test,14
68_,COC1=CC=C(C=C1)C(=O)C2=C(C=C(C=C2)OC)OC,-11.27,labeled_pubchem,train,,39
69_,C1=CC=C2C(=C1)C3=CC=CC4=C3C(=NC=C4)C2=O,-6.62,labeled_pubchem,train,test,39
70_,C1CCC2=C(C1)C3=C(S2)N=CN4C3=NCC4,-8.05,labeled_pubchem,train,,32
71_,CC(C1=CC(=CC=C1)O)N(C)C,-7.66,labeled_pubchem,train,,23
72_,CC(=O)O[C@@H]1[C@H](C=C2CCN3[C@H]2[C@@H]1C4=CC5=C(C=C4C3)OCO5)O,-8.72,labeled_pubchem,train,test,63
73_,CC1=CN=C(N=C1N)C,-5.0,labeled_pubchem,train,,16
74_,C1C[C@@H](C2=C(C1)NC(=O)C=C2)NCCCCCCCCCCN[C@H]3CCCC4=C3C=CC(=O)N4,-12.45,labeled_pubchem,train,,65
75_,C1C[C@@H](C2=C(C1)NC(=O)C=C2)NCCCCCCCCCCCCN[C@H]3CCCC4=C3C=CC(=O)N4,-11.08,labeled_pubchem,train,,67
76_,C=CCCCCCCCC1=NC(CC1)CCCCC=C,-6.69,labeled_pubchem,train,test,27
77_,CC1([C@@H](CC2=C(O1)N(C3=CC=CC=C3C2=O)C)O)C,-6.19,labeled_pubchem,train,test,43
78_,CC(=CCC/C(=C/CC1=C(C2=C(C=C1O)O[C@@H](CC2=O)C3=CC(=C(C=C3)O)O)O)/C)C,-6.95,labeled_pubchem,train,test,68
79_,CC(C)NC(=O)N1C2=CC=CC=C2SC3=CC=CC=C31,-4.33,labeled_pubchem,train,test,37
80_,CCNC(=O)N1C2=CC=CC=C2SC3=CC=CC=C31,-3.89,labeled_pubchem,train,,34
81_,COC1=C(C=C2C(=C1)C[C@@H](C2=O)CC3CCN(CC3)CC4=CC=CC=C4)OC,-10.87,labeled_pubchem,train,test,56
82_,COC1=C(C=C2C(=C1)C[C@H](C2=O)CC3CCN(CC3)CC4=CC=CC=C4)OC,-11.61,labeled_pubchem,train,,55
83_,C1=CC=C2C(=C1)C(=O)C(=O)N2CC3=CC(=C(C=C3)Cl)Cl,-5.91,labeled_pubchem,train,,46
84_,CN(C)C(=O)N1C2=CC=CC=C2SC3=CC=CC=C31,-4.65,labeled_pubchem,train,test,36
85_,CC(C)C1=CC(=CC=C1)C(=O)C(F)(F)F,-15.16,labeled_pubchem,train,,31
86_,CC1=CC(=CC=C1)C(=O)C(F)(F)F,-11.8,labeled_pubchem,train,test,27
87_,C[C@@H]([C@H]1CC[C@@H]2[C@@]1(CC[C@H]3[C@H]2CC[C@@H]4[C@@]3(CC=C(C4=O)NC(=O)C5=CC=CC=C5)C)C)N(C)C,-7.56,labeled_pubchem,train,,97
88_,CCN(CC)CCNC(=O)N1C2=CC=CC=C2SC3=CC=CC=C31,-6.56,labeled_pubchem,train,,41
89_,CC(=O)NC1=CC=C(C=C1)OCCCN2CCN(CC2)C3=CC=CC=C3,-7.72,labeled_pubchem,train,,45
90_,C1=CC=[N+](C=C1)CCCCCC[N+]2=CC=CC=C2,-2.46,labeled_pubchem,train,test,36
91_,CCN(CC)CCSP1(=O)OCCCO1,-11.48,labeled_pubchem,train,,22
92_,CC(C)N(CCSP1(=O)OCCCO1)C(C)C,-10.38,labeled_pubchem,train,,28
93_,C[N+](C)(C)CCSP1(=O)OCCCO1.CS(=O)(=O)[O-],-12.45,labeled_pubchem,train,,41
94_,CC(C)(C)C1=CC=[N+](C=C1)CCCCCCCC[N+]2=CC=C(C=C2)C(C)(C)C,-9.65,labeled_pubchem,train,,56
95_,CCN\1C2=CC=CC=C2S/C1=C\3/C(=O)N(C(=S)S3)CC=C,-7.11,labeled_pubchem,train,,44
96_,C1=CC(=C2C(=CC=C3C2=C1C(=O)C3=O)[N+](=O)[O-])[N+](=O)[O-],-8.28,labeled_pubchem,train,,57
97_,C1=CC2=C(C3=CC=C(N3)C(=C4C=CC(=N4)C(=C5C=CC(=N5)C(=C1N2)C6=C(C(=C(C(=C6F)F)F)F)F)C7=C(C(=C(C(=C7F)F)F)F)F)C8=C(C(=C(C(=C8F)F)F)F)F)C9=C(C(=C(C(=C9F)F)F)F)F,-6.6,labeled_pubchem,train,test,155
98_,C1=CC=C2C(=C1)C(=O)C(=O)N2CC3=CC=C(C=C3)CC4=CC=C(C=C4)CN5C6=CC=CC=C6C(=O)C5=O,-7.51,labeled_pubchem,train,,77
99_,C1CN(CCC1NC(=O)COC2=CC3=C(C=C2)C=CC(=O)O3)CC4=CC=CC=C4,-8.05,labeled_pubchem,train,,54
100_,C1=CC=C2C(=C1)C=CC=[N+]2CCCCCCCCCC[N+]3=CC=CC4=CC=CC=C43,-10.01,labeled_pubchem,train,,56
101_,C1=CC(=C(C(=C1)F)C2=C3C=CC(=C(C4=CC=C(N4)C(=C5C=CC(=N5)C(=C6C=CC2=N6)C7=C(C=CC=C7F)F)C8=C(C=CC=C8F)F)C9=C(C=CC=C9F)F)N3)F,-11.1,labeled_pubchem,train,test,121
102_,C1=CC(=C(C=C1C2=C(C(=O)C3=C(C=C(C=C3O2)O)O)O)O)O,-6.05,labeled_pubchem,train,,48
103_,C1=CC(=CC=C1C2=CC(=O)C3=C(C=C(C=C3O2)O)O)O,-5.36,labeled_pubchem,train,,42
104_,C1=CC(=C(C=C1C2=CC(=O)C3=C(C=C(C=C3O2)O)O)O)O,-5.73,labeled_pubchem,train,,45
105_,C1=CC(=CC=C1C2=C(C(=O)C3=C(C=C(C=C3O2)O)O)O)O,-5.52,labeled_pubchem,train,,45
106_,C1=CC(=C(C=C1C2=C(C(=O)C3=C(O2)C=C(C=C3)O)O)O)O,-5.48,labeled_pubchem,train,,47
107_,C1=CC=C(C=C1)C2=C(C(=O)C3=C(C=C(C=C3O2)O)O)O,-5.57,labeled_pubchem,train,,44
108_,C1=C(C=C(C(=C1O)O)O)C2=C(C(=O)C3=C(C=C(C=C3O2)O)O)O,-6.05,labeled_pubchem,train,,51
109_,CC(C)C[C@@H](C(=O)NS(=O)(=O)OC[C@@H]1[C@H]([C@H]([C@@H](O1)N2C=NC3=C(N=CN=C32)N)O)O)N,-5.61,labeled_pubchem,train,test,85
110_,CN1CC[C@]23[C@@H]4[C@H]1CC5=C2C(=C(C=C5)O)O[C@H]3[C@H](C=C4)O,-5.43,labeled_pubchem,train,,61
111_,C1CCC2=NC3=CC=CC=C3C(=C2C1)NCCN4C=C(N=N4)CCCCCC[N+]5=C6C=C(C=CC6=C7C=CC(=CC7=C5C8=CC=CC=C8)N)N,-7.66,labeled_pubchem,train,,94
112_,C1CCC2=NC3=CC=CC=C3C(=C2C1)NCCN4C(=CN=N4)CCCCCC[N+]5=C6C=C(C=CC6=C7C=CC(=CC7=C5C8=CC=CC=C8)N)N,-9.24,labeled_pubchem,train,,94
113_,CN1CC[C@]23CCCC[C@H]2[C@H]1CC4=C3C=C(C=C4)O,-6.3,labeled_pubchem,train,,43
114_,C=CCN1CC[C@]23CCCC[C@H]2[C@H]1CC4=C3C=C(C=C4)O,-6.74,labeled_pubchem,train,,46
115_,C1N(CCN(C1)/C(=N\C(=NC2=CC=C(C=C2)Cl)N)/N)/C(=N\C(=NC3=CC=C(C=C3)Cl)N)/N,-6.3,labeled_pubchem,train,,72
116_,CC1=C[C@H]2CC3=C(C=CC(=O)N3)[C@@]4(C1)[C@@H]2CCCN4,-9.98,labeled_pubchem,train,,50
117_,C1=CC=C(C(=C1)/C/2=C/3\C=C/C(=C(/C4=CC=C(N4)/C(=C\5/C=CC=CC5=O)/C6=CC=C(N6)/C(=C\7/C=CC=CC7=O)/C8=CC=C2N8)\C9=CC=CC=C9O)/N3)O,-6.49,labeled_pubchem,train,,125
118_,CC(=CCC/C(=C/CC1=C(C2=C(C=C1O)O[C@@H](CC2=O)C3=CC=C(C=C3)O)O)/C)C,-5.37,labeled_pubchem,train,test,65
119_,C=CCN1CC[C@@]23CCCC[C@@H]2[C@@H]1CC4=C3C=C(C=C4)O,-6.43,labeled_pubchem,train,,49
120_,C1N(CCN(C1)/C(=N/C(=NC2=CC(=CC=C2)Cl)N)/N)/C(=N/C(=NC3=CC(=CC=C3)Cl)N)/N,-7.33,labeled_pubchem,train,test,72
121_,C1N(CCN(C1)/C(=N/C(=NC2=CC=C(C=C2)Br)N)/N)/C(=N/C(=NC3=CC=C(C=C3)Br)N)/N,-6.79,labeled_pubchem,train,,72
122_,C1N(CCN(C1)/C(=N/C(=NC2=CC=C(C=C2)F)N)/N)/C(=N/C(=NC3=CC=C(C=C3)F)N)/N,-6.78,labeled_pubchem,train,,70
123_,CC1=CC=C(C=C1)N=C(/N=C(/N2CCN(CC2)/C(=N/C(=NC3=CC=C(C=C3)C)N)/N)\N)N,-6.89,labeled_pubchem,train,,68
124_,C1=C/C(=C\NNC(=O)NC2=CC=NC=C2)/C(=O)C=C1,-6.29,labeled_pubchem,train,,40
125_,C1=CC=C(C=C1)C2=C3C=CC(=C(C4=CC=C([N-]4)C(=C5C=CC(=N5)C(=C6C=CC2=N6)C7=CC=CC=C7)C8=CC=CC=C8)C9=CC=CC=C9)[N-]3.[Zn+2],-7.21,labeled_pubchem,train,,116
126_,C1CCC2=NC3=CC=CC=C3C(=C2C1)NCCCCCCCCSC4=C5CCCCC5=NC6=CC=CC=C64,-9.0,labeled_pubchem,train,,62
127_,C1=CC(=CC=C1C=O)O[C@H]2[C@@H]([C@H]([C@@H]([C@H](O2)CO)O)O)O,-8.4,labeled_pubchem,train,,60
128_,C1CCC2=NC3=CC=CC=C3C(=C2C1)NCCCCCCCNC4=C5CCCCC5=NC6=CC=CC=C64,-11.14,labeled_pubchem,train,,61
129_,C1CCC2=NC3=CC=CC=C3C(=C2C1)NCCCCCNC4=C5CCCCC5=NC6=CC=CC=C64,-9.14,labeled_pubchem,train,,59
130_,CC(C)(/C=N/OC(=O)NC)SC,-11.21,labeled_pubchem,train,,22
131_,C/C=C/1\[C@@H]2CC3=C([C@@]1(CC(=C2)C)N)C=CC(=O)N3,-10.97,labeled_pubchem,train,,49
132_,CC1=C(SC=[N+]1C)CCO.[I-],-6.69,labeled_pubchem,train,,24
133_,CN(CC1=CC=CC=C1)CC2=CC=C(C=C2)C3=CC4=CC(=C(C=C4OC3=O)OC)OC,-10.49,labeled_pubchem,train,test,58
134_,CC(C)(C)C1=CC=CC(=C1)C(=O)C(F)(F)F,-15.65,labeled_pubchem,train,,34
135_,C1C2=CC=CC=C2C3=NC4=CC=CC=C4C(=C31)N,-9.14,labeled_pubchem,train,,36
136_,CC1=C(SC=[N+]1CC2=CN=C(N=C2N)C)CCOP(=O)(O)OP(=O)(O)OP(=O)(O)O.[Cl-],-5.93,labeled_pubchem,train,,67
137_,C1CCN(CC1)CCNC(=O)N2C3=CC=CC=C3SC4=CC=CC=C42,-8.5,labeled_pubchem,train,test,44
138_,COC1=C(C=C2C(=C1)CC(C2=O)CCC3CCN(CC3)CC4=CC=CC=C4)OC,-10.32,labeled_pubchem,train,,52
139_,CCOP(=O)(CCC(=O)NCCCNS(=O)(=O)C1=C2C=CC3=CC=CC4=C3C2=C(C=C4)C=C1)F,-5.48,labeled_pubchem,train,,66
140_,CCOP(=O)(CCC(=O)NCCNS(=O)(=O)C1=C2C=CC3=CC=CC4=C3C2=C(C=C4)C=C1)F,-5.48,labeled_pubchem,train,,65
141_,CN(CCCCCC(=O)N(C)CCCCCCCCN(C)C(=O)CCCCCN(C)CC1=CC=CC=C1OC)CC2=CC=CC=C2OC,-10.59,labeled_pubchem,train,,72
142_,CC1=CC2CC(C1)C3=C(C4=C(C=C(C=C4)Cl)N=C3C2)N,-14.35,labeled_pubchem,train,,43
143_,C/C=C/1\C2CC3=C(C1CC(=C2)C)C=CC(=O)N3,-7.8,labeled_pubchem,train,,37
144_,C1=CC=C(C=C1)/C=N/NC(=O)NC2=CC=NC=C2,-5.55,labeled_pubchem,train,,36
145_,C[C@@H]([C@H]1CC[C@@H]2[C@@]1(CC[C@H]3[C@H]2CC[C@@H]4[C@@]3(CC[C@@H](C4)N(C)C(=O)/C=C/C5=CC=CC=C5)C)C)N(C)C,-6.73,labeled_pubchem,train,,107
146_,C1CCN(C1)CCNC(=O)N2C3=CC=CC=C3SC4=CC=CC=C42,-6.2,labeled_pubchem,train,,43
147_,CC(=O)N(CCCNC1=C2CCCCC2=NC3=CC=CC=C31)CCCNC4=C5CCCCC5=NC6=CC=CC=C64,-7.97,labeled_pubchem,train,,67
148_,C1=CC(=C(C=C1F)F)C2=C3C=CC(=C(C4=CC=C(N4)C(=C5C=CC(=N5)C(=C6C=CC2=N6)C7=C(C=C(C=C7)F)F)C8=C(C=C(C=C8)F)F)C9=C(C=C(C=C9)F)F)N3,-11.1,labeled_pubchem,train,test,125
149_,CCN(CCCCCC(=O)N(C)CCCCCCCCN(C)C(=O)CCCCCN(CC)CC1=CC=CC=C1OC)CC2=CC=CC=C2OC,-10.83,labeled_pubchem,train,,74
150_,CCCCCCCSC(=O)OCC[N+](C)(C)C,-6.43,labeled_pubchem,train,,27
151_,C[N+]1=CC(=C(C=C1)C2=C3C=CC(=C(C4=CC=C(N4)C(=C5C=CC(=N5)C(=C6C=CC2=N6)C7=C(C=[N+](C=C7)C)F)C8=C(C=[N+](C=C8)C)F)C9=C(C=[N+](C=C9)C)F)N3)F,-7.55,labeled_pubchem,train,,137
152_,CCCCCSC(=O)OCC[N+](C)(C)C,-7.86,labeled_pubchem,train,,25
153_,COC1=C(C=C2C(=C1)CC(C2=O)C3CCN(CC3)CC4=CC=CC=C4)OC,-9.79,labeled_pubchem,train,,50
154_,CN(CCCNC1=C2CCCCC2=NC3=CC=CC=C31)CCCNC4=C5CCCCC5=NC6=CC=CC=C64,-12.19,labeled_pubchem,train,,62
155_,CC(C1=CC=CC=C1)(C2=CC=CC=C2)C(=O)OCC3=C(C=CC=[N+]3C)OC(=O)N(C)C,-7.19,labeled_pubchem,train,test,63
156_,COC1=CC2=C(C=C1)C(=O)/C(=C/C3CCN(CC3)CC4=CC=CC=C4)/C2,-10.32,labeled_pubchem,train,,53
157_,C1CCC2=NC3=CC=CC=C3C(=C2C1)NCCCCCCCCNC4=C5CCCCC5=NC6=CC=CC=C64,-11.94,labeled_pubchem,train,,62
158_,C1CCC2=C(C1)C3=C(S2)N=CN4C3=NCCC4,-7.83,labeled_pubchem,train,test,33
159_,CC(=O)NC1=C(C=NC=C1)N,-6.14,labeled_pubchem,train,,21
160_,COC1=C(C=C2C(=C1)C/C(=C\C3CCN(CC3)CC4=CC=CC=C4)/C2=O)OC,-10.21,labeled_pubchem,train,,55
161_,COC1=CC2=C(C/C(=C\C3CCN(CC3)CC4=CC=CC=C4)/C2=O)C=C1,-9.02,labeled_pubchem,train,,51
162_,C1CCC2=NC3=C(C(=CC(=C3)Cl)Cl)C(=C2C1)N,-12.32,labeled_pubchem,train,,38
163_,C1CCC2=NC3=CC=CC=C3C(=C2C1)NCCCCCCCNC4=C5CCCCC5=NC6=C4C(=CC(=C6)Cl)Cl,-11.26,labeled_pubchem,train,,69
164_,C1CCC2=NC3=C(C(=CC(=C3)Cl)Cl)C(=C2C1)NCCCCCCCNC4=C5CCCCC5=NC6=C4C(=CC(=C6)Cl)Cl,-9.34,labeled_pubchem,train,,79
165_,C1=CC(=C(C=C1O)/C/2=C/3\C=C/C(=C(/C4=CC=C(N4)/C(=C\5/C=C/C(=C(/C6=CC=C2N6)\C7=C(C=CC(=C7)O)O)/N5)/C8=C(C=CC(=C8)O)O)\C9=CC(=O)C=CC9=O)/N3)O,-7.67,labeled_pubchem,train,,139
166_,C[C@@H](C1=CC[C@@H]2[C@@]1(CC[C@H]3[C@H]2CC[C@@H]4[C@@]3(CC[C@@H](C4)N(C)C(=O)/C=C(\C)/C(C)C)C)C)N(C)C,-6.81,labeled_pubchem,train,,102
167_,CN(C)C(=O)OC1=C(N=CC=C1)CO,-5.86,labeled_pubchem,train,,26
168_,CC(C1=CC=CC=C1)(C2=CC=CC=C2)C(=O)OCC3=C(C=CC=N3)OC(=O)N(C)C,-6.04,labeled_pubchem,train,test,59
169_,CC(C1=CC=CC=C1)(C2=CC=CC=C2)C(=O)OCC3C(=CCCN3C)OC(=O)N(C)C,-5.94,labeled_pubchem,train,,58
170_,C[C@@H]([C@H]1CC[C@@H]2[C@@]1(CC[C@H]3[C@H]2CC[C@@H]4[C@@]3(CC[C@@H](C4)N(C)C(=O)/C=C(\C)/C(C)C)C)C)N(C)C,-7.38,labeled_pubchem,train,,105
171_,C/C=C(\C)/C(=O)N[C@H]1[C@H](C[C@]2([C@H]([C@H]1OC(=O)C)CC[C@@H]3[C@@H]2CC[C@]4(C3=CC[C@@H]4[C@H](C)N(C)C)C)C)O,-5.3,labeled_pubchem,train,,110
172_,C1CCC2=NC3=CC=CC=C3C(=C2C1)NCCCCCCCSC4=C5CCCCC5=NC6=CC=CC=C64,-8.86,labeled_pubchem,train,,61
173_,CN(CCCNC1=C2CCCCC2=NC3=CC=CC=C31)CCCNC4=C5CCCCC5=NC6=C4C(=CC(=C6)Cl)Cl,-11.54,labeled_pubchem,train,,70
174_,C1CCC2=NC3=CC=CC=C3C(=C2C1)NCCCNCCCNCCC[N+]4=C5C=C(C=CC5=C6C=CC(=CC6=C4C7=CC=CC=C7)N)N,-12.08,labeled_pubchem,train,test,86
175_,C1CCC2=NC3=CC=CC=C3C(=C2C1)CCCCCCCCNC4=C5CCCCC5=NC6=CC=CC=C64,-10.3,labeled_pubchem,train,,61
176_,CCN(CCCNC1=C2CCCCC2=NC3=CC=CC=C31)CCCNC4=C5CCCCC5=NC6=CC=CC=C64,-11.71,labeled_pubchem,train,,63
177_,C1CCC2=NC3=CC=CC=C3C(=C2C1)NCCCCCCCCCSC4=C5CCCCC5=NC6=CC=CC=C64,-9.19,labeled_pubchem,train,,63
178_,C1CCC2=NC3=CC=CC=C3C(=C2C1)NCCCN(CCCNC4=C5CCCCC5=NC6=CC=CC=C64)CCO,-12.58,labeled_pubchem,train,,66
179_,C1=CC=C2C=[N+](C=CC2=C1)CCCCCCCC[N+]3=CC4=CC=CC=C4C=C3,-8.36,labeled_pubchem,train,,54
180_,CN(CCCCSC1=C2CCCCC2=NC3=CC=CC=C31)CCCNC4=C5CCCCC5=NC6=CC=CC=C64,-8.41,labeled_pubchem,train,,63
181_,C1=CC=[N+](C=C1)CCCCCCCCCCC[N+]2=CC=CC=C2,-10.42,labeled_pubchem,train,test,41
182_,C1CCC2=NC3=C(C=CC(=C3)Cl)C(=C2C1)NCCCNC(=O)CCCCC4CCSS4,-9.32,labeled_pubchem,train,,54
183_,C=CCN(CCCNC1=C2CCCCC2=NC3=CC=CC=C31)CCCNC4=C5CCCCC5=NC6=CC=CC=C64,-12.04,labeled_pubchem,train,,65
184_,C[C@H]1COC2=C1C(=O)C(=O)C3=C2C=CC4=C(C=CC=C43)C,-8.1,labeled_pubchem,train,,47
185_,C[C@H]1CC[C@]2([C@H]([C@]1(C)CC3=C(C(=CC(=C3)O)SC4=CC=CC=C4C(=O)O)O)CCC=C2C)C,-14.01,labeled_pubchem,train,,77
186_,CCN(CCCCCC(=O)N1CCC(CC1)C2CCN(CC2)C(=O)CCCCCN(CC)CC3=CC=CC=C3OC)CC4=CC=CC=C4OC,-11.29,labeled_pubchem,train,,78
187_,CN(CCCNCCC[N+]1=C2C=C(C=CC2=C3C=CC(=CC3=C1C4=CC=CC=C4)N)N)CCCN(C)CC5=CC=CC=C5OC,-8.28,labeled_pubchem,train,,79
188_,CN(CCCNC1=C2CCCCC2=NC3=CC=CC=C31)CCCSC4=C5CCCCC5=NC6=CC=CC=C64,-8.96,labeled_pubchem,train,,62
189_,CC(=O)N(CCCCSC1=C2CCCCC2=NC3=CC=CC=C31)CCCNC4=C5CCCCC5=NC6=CC=CC=C64,-8.64,labeled_pubchem,train,,68
190_,CC(C)CN1CCC2=C(C1)SC3=C2C(=O)OC(=N3)N(C)C,-8.46,labeled_pubchem,train,,41
191_,CN(C)C1=NC2=C(C3=C(S2)CN(CC3)CC4=CC=CC=C4)C(=O)O1,-7.9,labeled_pubchem,train,,49
192_,CC[C@H](C[C@H]([C@@H](C)[C@H]1CCC2[C@@]1(CCC3C2C=CC4=C[C@H](C[C@@H]([C@]34C)O)O)C)O)C(C)C,-8.31,labeled_pubchem,train,,89
193_,CC(=O)N(CCCNC1=C2CCCCC2=NC3=CC=CC=C31)CCCSC4=C5CCCCC5=NC6=CC=CC=C64,-8.33,labeled_pubchem,train,test,67
194_,CN(C)C1=CC=C(C=C1)CC(=O)NCCCCCCCCCCCCNC23CC4CC(C2)CC(C4)C3,-7.87,labeled_pubchem,train,,58
195_,C1CCC2=NC3=CC=CC=C3C(=C2C1)NCCCCCSC4=C5CCCCC5=NC6=CC=CC=C64,-9.14,labeled_pubchem,train,,59
196_,C1=CC=C2C(=C1)C=[N+](C3=CC=CC=C23)CCO.[Br-],-6.06,labeled_pubchem,train,test,43
197_,CC1=CC2CC3=C(C=CC(=O)N3)C4(C1)C2=C(CN4)C,-9.12,labeled_pubchem,train,,40
198_,CC1=CC(=O)N(O1)C(=O)N(C)C,-12.21,labeled_pubchem,train,,25
199_,CC1=CC(=NO1)OC(=O)N(C)C,-13.59,labeled_pubchem,train,test,23
200_,C[N+]1=CC=CC2=C1C3=CC=CC=C3C=C2.[I-],-5.89,labeled_pubchem,train,,36
201_,C[N+]1=CSC=C1.[I-],-5.34,labeled_pubchem,train,,18
202_,CCC(C)N1C=C(C=N1)OC(=O)NC,-8.34,labeled_pubchem,train,,25
203_,CCCCCCCCCC1CCC(=N1)CCCCC=C,-7.26,labeled_pubchem,train,,26
204_,C1=CC=C(C=C1)C[N+]2=CC3=CC=CC=C3C4=CC=CC=C42.[Br-],-8.64,labeled_pubchem,train,test,50
205_,C1CN(CC2=C1C3=C(S2)N=CN4C3=NCC4)CC5=CC=CC=C5,-7.7,labeled_pubchem,train,,44
206_,C1CN=C2C3=C(N=CN2C1)SC4=C3CCN(C4)CC5=CC=CC=C5,-7.97,labeled_pubchem,train,,45
207_,C1=CC=C(C(=C1)C2=C3C=CC(=C(C4=CC=C(N4)C(=C5C=CC(=N5)C(=C6C=CC2=N6)C7=CC=CC=C7F)C8=CC=CC=C8F)C9=CC=CC=C9F)N3)F,-5.88,labeled_pubchem,train,,109
208_,C1=CC(=CC(=C1)F)C2=C3C=CC(=C(C4=CC=C(N4)C(=C5C=CC(=N5)C(=C6C=CC2=N6)C7=CC(=CC=C7)F)C8=CC(=CC=C8)F)C9=CC(=CC=C9)F)N3,-6.86,labeled_pubchem,train,test,115
209_,CC(=CCC/C(=C/CC1=C(C2=C(C=C1O)O[C@@H](CC2=O)C3=CC(=C(C=C3)O)OC)O)/C)C,-5.24,labeled_pubchem,train,,69
210_,COC1=C(C=C2C(=C1)C/C(=C\C3CCN(CC3)CC4=CC=CC=C4)/C2=O)O,-7.6,labeled_pubchem,train,test,54
211_,C1CN(CCC1/C=C/2\CC3=CC4=C(C=C3C2=O)OCO4)CC5=CC=CC=C5,-8.23,labeled_pubchem,train,,52
212_,CC[C@H](CC[C@@H](C)[C@H]1CC[C@@H]2[C@@]1(CC[C@H]3[C@H]2CCC4=C[C@H](CC[C@]34C)O)C)C(C)C,-6.56,labeled_pubchem,train,test,86
213_,CC1=CSC=[N+]1C.[I-],-5.74,labeled_pubchem,train,,19
214_,C[C@@H]([C@H]1CC[C@@H]2[C@@]1(CC[C@H]3[C@H]2CC[C@@H]4[C@@]3(C[C@@H]([C@@H]([C@@H]4OC(=O)C)NC(=O)C5=CC=CC=C5)O)C)C)N(C)C,-5.34,labeled_pubchem,train,,119
215_,CC1=NC=C(C(=N1)N)CN2CSC3C2(OCC3)C,-4.71,labeled_pubchem,train,test,33
216_,CC(C)([C@H]1CC2=C(O1)N(C3=CC=CC=C3C2=O)C)OC,-6.19,labeled_pubchem,train,,43
217_,COC1=CC(=CC(=C1OC)OC)C(=O)NCCCCCCCC(=O)NNC2=C3CCCCC3=NC4=CC=CC=C42,-11.62,labeled_pubchem,train,,66
218_,C1=CC(=O)N(C1=O)C2=CC=NC=C2,-10.1,labeled_pubchem,train,,27
219_,CC(=O)OCC[N+]1=CC=CC=C1.[Br-],-6.69,labeled_pubchem,train,,29
220_,CNC(=O)N1C2=CC=CC=C2SC3=CC=CC=C31,-6.88,labeled_pubchem,train,,33
221_,CCCCNC(=O)OCCCCCCCCCCCCOC(=O)NCCCC,-9.3,labeled_pubchem,train,,34
222_,COC1=CC=C(C=C1)N=C(/N=C(/N2CCN(CC2)/C(=N/C(=NC3=CC=C(C=C3)OC)N)/N)\N)N,-5.92,labeled_pubchem,train,,70
223_,CC[N+](C)(CC)CCSP1(=O)OCCCO1.CS(=O)(=O)[O-],-12.27,labeled_pubchem,train,,43
224_,CC(=CCC/C(=C/CC1=C(C2=C(C=C1O)O[C@@H]([C@H](C2=O)O)C3=CC(=C(C=C3)O)OC)O)/C)C,-5.7,labeled_pubchem,train,,76
225_,CCC1=CC(=CC=C1)C(=O)C(F)(F)F,-12.88,labeled_pubchem,train,,28
226_,CC=C1C2C=C(CC1(CC(C2(C)C)NCCCCCCCNC3=C4CCCCC4=NC5=CC=CC=C53)N)C,-10.66,labeled_pubchem,train,,63
227_,C1C2=CC=CC=C2C3=NC4=CC=CC=C4C(=C31)NCC5=CC=CC=C5,-7.02,labeled_pubchem,train,test,48
228_,C1CCC2=NC3=CC=CC=C3C(=C2C1)NCCCCCCCSC4=C5CCCCC5=NC6=C4C(=CC(=C6)Cl)Cl,-8.95,labeled_pubchem,train,,69
229_,C1CCC2=NC3=C(C(=CC(=C3)Cl)Cl)C(=C2C1)NCCCCCCCSC4=C5CCCCC5=NC6=CC=CC=C64,-10.11,labeled_pubchem,train,,71
230_,C1CCC2=NC3=CC=CC=C3C(=C2C1)NCCCCCCSC4=C5CCCCC5=NC6=C4C(=CC(=C6)Cl)Cl,-9.48,labeled_pubchem,train,,68
231_,C1CCC2=NC3=CC=CC=C3C(=C2C1)NCCCCCCSC4=C5CCCCC5=NC6=CC=CC=C64,-9.58,labeled_pubchem,train,test,60
232_,C1CCC2=NC3=CC=CC=C3C(=C2C1)NCCCCSC4=C5CCCCC5=NC6=CC=CC=C64,-8.47,labeled_pubchem,train,,58
233_,CC=C1C2CC(CC1(CC(=C2)C)N)NCCCCCCCNC3=C4CCCCC4=NC5=CC=CC=C53,-10.68,labeled_pubchem,train,,59
234_,CC=C1C2CC(CC1(CC(=C2)C)C(=O)OC)NCCCCCCCNC3=C4CCCCC4=NC5=CC=CC=C53,-11.22,labeled_pubchem,train,test,65
235_,CC1=CC2CC3=C(C=CC(=O)N3)[C@@]4(C1)[C@@H]2CCCN4,-8.87,labeled_pubchem,train,test,46
236_,C1[C@H]([C@H]([C@H]([C@@H](O1)OC2=CC=C(C=C2)C=O)O)O)O,-8.62,labeled_pubchem,train,,53
237_,C[N+](C)(CCNC(=O)C(=O)NCC[N+](C)(C)CC1=CC=CC=C1Cl)CC2=CC=CC=C2Cl,-11.31,labeled_pubchem,train,,64
238_,CC(=CCC/C(=C/CC1=C(C2=C(C=C1O)O[C@@H](CC2=O)C3=CC(=C(C=C3)OC)O)O)/C)C,-5.51,labeled_pubchem,train,,69
239_,CC(=CCC/C(=C/CC1=C(C2=C(C=C1O)O[C@@H]([C@H](C2=O)O)C3=CC(=C(C=C3)OC)O)O)/C)C,-6.11,labeled_pubchem,train,,76
240_,CN(CCCCNC1=C2CCCCC2=NC3=CC=CC=C31)CCCNC4=C5CCCCC5=NC6=CC=CC=C64,-12.95,labeled_pubchem,train,,63
241_,C1CCC2=NC3=CC=CC=C3C(=C2C1)NCCCCNCCCSC4=C5CCCCC5=NC6=CC=CC=C64,-7.63,labeled_pubchem,train,,62
242_,C1CCC2=NC3=CC=CC=C3C(=C2C1)NCCCCN(CCCNC4=C5CCCCC5=NC6=CC=CC=C64)CCO,-9.48,labeled_pubchem,train,,67
243_,C1CCC2=NC3=CC=CC=C3C(=C2C1)NCCC4=CC(=CC=C4)CCNC5=C6CCCCC6=NC7=CC=CC=C75,-7.89,labeled_pubchem,train,,71
244_,C1CCC2=NC3=CC=CC=C3C(=C2C1)NCCC4=CC=C(C=C4)CCNC5=C6CCCCC6=NC7=CC=CC=C75,-7.92,labeled_pubchem,train,test,71
245_,CC(=O)N(CCCCNC1=C2CCCCC2=NC3=CC=CC=C31)CCCSC4=C5CCCCC5=NC6=CC=CC=C64,-8.37,labeled_pubchem,train,,68
246_,CC(=O)N(CCCCNC1=C2CCCCC2=NC3=CC=CC=C31)CCCNC4=C5CCCCC5=NC6=CC=CC=C64,-9.11,labeled_pubchem,train,,68
247_,CCN(CCCCNC1=C2CCCCC2=NC3=CC=CC=C31)CCCNC4=C5CCCCC5=NC6=CC=CC=C64,-9.3,labeled_pubchem,train,test,64
248_,C=CCN(CCCCNC1=C2CCCCC2=NC3=CC=CC=C31)CCCNC4=C5CCCCC5=NC6=CC=CC=C64,-9.68,labeled_pubchem,train,,66
249_,C1CCC2=NC3=CC=CC=C3C(=C2C1)NCCCN4CCN(CC4)CCCNC5=C6CCCCC6=NC7=CC=CC=C75,-9.4,labeled_pubchem,train,,70
250_,C1CCC2=NC3=CC=CC=C3C(=C2C1)NCCC4=NC(=CC=C4)CCNC5=C6CCCCC6=NC7=CC=CC=C75,-8.37,labeled_pubchem,train,test,71
251_,CC1=CC(=CC(=C1)CCNC2=C3CCCCC3=NC4=CC=CC=C42)CCNC5=C6CCCCC6=NC7=CC=CC=C75,-7.02,labeled_pubchem,train,,72
252_,C1CCC2=NC3=CC=CC=C3C(=C2C1)NCCC4=COC=C4CCNC5=C6CCCCC6=NC7=CC=CC=C75,-6.68,labeled_pubchem,train,,67
253_,C[N+](C)(C)CCOC(=O)NC1=CC(=NC(=C1)Cl)Cl,-5.74,labeled_pubchem,train,,39
254_,CC1=C2[C@@H](CC[P@@](=O)(O1)OC)COC2=O,-5.8,labeled_pubchem,train,test,37
255_,C[N+]1(CCCCC1)CCCNC(=O)C2=CN=C3C4=C2C=CC=C4C5=CC=CC=C5C3=O,-9.53,labeled_pubchem,train,,58
256_,C[N+]1(CCCCC1)CCC(=O)NC2=CC3=C(C=C2)C4=NC=CC5=C4C(=CC=C5)C3=O,-13.02,labeled_pubchem,train,,61
257_,CC(C)(C)[Si](C)(C)O[C@H]1C=C2CCN3[C@H]2[C@@H]([C@@H]1O)C4=CC5=C(C=C4C3)OCO5,-8.3,labeled_pubchem,train,,75
258_,CC(=O)O[C@@H]1[C@H](C=C2CCN3[C@H]2[C@@H]1C4=CC5=C(C=C4C3)OCO5)O[Si](C)(C)C(C)(C)C,-8.86,labeled_pubchem,train,,81
259_,C1=CC2=C(C3=CC=C(N3)C(=C4C=CC(=N4)C(=C5C=CC(=N5)C(=C1N2)C6=C(C(=NC(=C6F)F)F)F)C7=C(C(=NC(=C7F)F)F)F)C8=C(C(=NC(=C8F)F)F)F)C9=C(C(=NC(=C9F)F)F)F,-7.03,labeled_pubchem,train,test,143
260_,C1=CC2=C(C3=CC=C(N3)C(=C4C=CC(=N4)C(=C5C=CC(=N5)C(=C1N2)C6=C(C(=NC=C6F)F)F)C7=C(C(=NC=C7F)F)F)C8=C(C(=NC=C8F)F)F)C9=C(C(=NC=C9F)F)F,-7.59,labeled_pubchem,train,test,131
261_,C1=CC2=C(C3=CC=C(N3)C(=C4C=CC(=N4)C(=C5C=CC(=N5)C(=C1N2)C6=C(C=NC=C6)F)C7=C(C=NC=C7)F)C8=C(C=NC=C8)F)C9=C(C=NC=C9)F,-7.25,labeled_pubchem,train,,115
262_,C[N+](C)(C)C1=CC(=CC=C1)OP2(=O)OCCCO2,-6.43,labeled_pubchem,train,,37
263_,CC1=C2C3CC4=C(C2(CC(=C3)C)NCC1)C=CC(=O)N4,-7.79,labeled_pubchem,train,,41
264_,CCC1=C2C3CC4=C(C2(CC(=C3)C)NC1)C=CC(=O)N4,-8.76,labeled_pubchem,train,test,41
265_,C/C=C\1/C2CC3=C(C1CC(=C2)C)C=CC(=O)N3,-6.72,labeled_pubchem,train,test,37
266_,C1C2C13N(C4C(N3CC5=CC=CC=C5)N(C(N2CC6=CC=CC=C6)C(N4CC7=CC=CC=C7)NCC8=CC=CC=C8)CC9=CC=CC=C9)CC1=CC=CC=C1,-7.39,labeled_pubchem,train,,103
267_,C1C2C13N(C4C(N3CC5=CC=CC=C5Cl)N(C(N2CC6=CC=CC=C6Cl)C(N4CC7=CC=CC=C7Cl)NCC8=CC=CC=C8Cl)CC9=CC=CC=C9Cl)CC1=CC=CC=C1Cl,-10.14,labeled_pubchem,train,,115
268_,COC1=CC(=CC(=C1)CNC2C3N(C4CC45N(C(N2CC6=CC(=CC(=C6)OC)OC)C(N3CC7=CC(=CC(=C7)OC)OC)N5CC8=CC(=CC(=C8)OC)OC)CC9=CC(=CC(=C9)OC)OC)CC1=CC(=CC(=C1)OC)OC)OC,-9.43,labeled_pubchem,train,,149
269_,C1C2C13N(C4C(N3CC5=CC6=C(C=C5)OCO6)N(C(N2CC7=CC8=C(C=C7)OCO8)C(N4CC9=CC1=C(C=C9)OCO1)NCC1=CC2=C(C=C1)OCO2)CC1=CC2=C(C=C1)OCO2)CC1=CC2=C(C=C1)OCO2,-8.89,labeled_pubchem,train,,145
270_,CN1CC[C@@]23CCCC[C@@H]2[C@@H]1CC4=C3C=CC(=C4)O,-6.43,labeled_pubchem,train,,46
271_,C/C=C(\C)/C(=O)N[C@H]1CC[C@@]2([C@H]3CC[C@]4([C@H]([C@@H]3CC=C2C1=O)CC[C@@H]4[C@H](C)N(C)C)C)C,-7.21,labeled_pubchem,train,,94
272_,C/C=C(\C)/C(=O)N[C@H]1CC[C@@]2([C@H]3CC[C@@]4([C@H](CC=C4[C@@H]3CC=C2C1=O)[C@H](C)N(C)C)C)C,-7.64,labeled_pubchem,train,,91
273_,C[C@@H]([C@H]1CC[C@@H]2[C@@]1(CC[C@H]3[C@H]2CC[C@@H]4[C@@]3(CC[C@@H](C4)NC(=O)C)C)C)N(C)C,-5.54,labeled_pubchem,train,,89
274_,C[C@@H]([C@H]1CC[C@@H]2[C@@]1(CC[C@H]3[C@H]2CC[C@@H]4[C@@]3(CC[C@@H](C4)NC(=O)/C=C(\C)/C(C)C)C)C)N(C)C,-6.9,labeled_pubchem,train,,102
275_,C[C@@H]([C@H]1CC[C@@H]2[C@@]1(CC[C@H]3[C@H]2CC[C@@H]4[C@@]3(CC[C@@H](C4)NC)C)C)N(C)C(=O)C,-5.02,labeled_pubchem,train,test,89
276_,C[C@@H]([C@H]1CC[C@@H]2[C@@]1(CC[C@H]3[C@H]2CC[C@@H]4[C@@]3(CC[C@@H]([C@@H]4OC(=O)C)NC(=O)C=C(C)C)C)C)N(C)C,-6.51,labeled_pubchem,train,,107
277_,CN(C)C1=CC=C(C=C1)CC(=O)NCCCCCCCCCCNC23CC4CC(C2)CC(C4)C3,-7.67,labeled_pubchem,train,,56
278_,CN(C)C1=CC=C(C=C1)CC(=O)NCCCCCCCCNC23CC4CC(C2)CC(C4)C3,-7.2,labeled_pubchem,train,,54
279_,CN(C)C1=CC=C(C=C1)CC(=O)NCCCCCCCCCNC23CC4CC(C2)CC(C4)C3,-7.49,labeled_pubchem,train,,55
280_,CN(C)C1=CC=C(C=C1)CC(=O)NCCCCCCCCCCCNC23CC4CC(C2)CC(C4)C3,-7.77,labeled_pubchem,train,,57
281_,CN(C)C1=CC=C(C=C1)CC(=O)NCCCCCCCNC23CC4CC(C2)CC(C4)C3,-7.06,labeled_pubchem,train,,53
282_,C[C@]12CCC(=O)OC([C@]1(CC[C@@]3([C@]2(CC4=C(O3)C=C(OC4=O)C5=CC=C(C=C5)OC)O)C)O)(C)C,-7.72,labeled_pubchem,train,,83
283_,CCCCNC(=O)OCCCCCO,-8.01,labeled_pubchem,train,,17
284_,CCCCNC(=O)OCCCCCCCCO,-8.82,labeled_pubchem,train,,20
285_,CCCCNC(=O)OCCOC(=O)NCCCC,-8.82,labeled_pubchem,train,,24
286_,CCCCNC(=O)OCCCCCOC(=O)NCCCC,-9.04,labeled_pubchem,train,,27
287_,CCCCNC(=O)OCCCCCCCCOC(=O)NCCCC,-9.34,labeled_pubchem,train,,30
288_,CCCCNC(=O)OCCCCCCCCCCOC(=O)NCCCC,-9.3,labeled_pubchem,train,,32
289_,CCCCNC(=O)OCCCCCCCCCCCCCCOC(=O)NCCCC,-9.3,labeled_pubchem,train,,36
290_,CCCCNC(=O)OCCCCCCCCCCCCCCCCOC(=O)NCCCC,-9.27,labeled_pubchem,train,,38
291_,CCCCNC(=O)OCCCCCCCCCCO,-9.17,labeled_pubchem,train,,22
292_,CCCCNC(=O)OCCCCCCCCCCCCO,-8.93,labeled_pubchem,train,test,24
293_,CCCCNC(=O)OCCCCCCCCCCCCCCO,-9.17,labeled_pubchem,train,,26
294_,CCCCNC(=O)OCCCCCCCCCCCCCCCCO,-9.43,labeled_pubchem,train,test,28
295_,CCC(CC[C@@H](C)[C@H]1CC[C@@H]2[C@@]1(CC[C@H]3C2=CC(C4([C@@]3(CC[C@@H](C4)O)C)O)O)C)C(C)C,-6.71,labeled_pubchem,train,,88
296_,CCC(CC[C@@H](C)[C@H]1CC[C@@H]2[C@@]1(CC[C@H]3[C@H]2C=CC4([C@@]3(CC[C@@H](C4)O)C)O)C)C(C)C,-7.39,labeled_pubchem,train,,89
297_,CC[C@H](C[C@H]([C@@H](C)[C@H]1CCC2[C@@]1(CCC3C2CC=C4[C@@]3([C@H](C[C@@H](C4)O)O)C)C)O)C(C)C,-7.01,labeled_pubchem,train,,91
298_,CC[C@H](C[C@H]([C@@H](C)[C@H]1CCC2[C@@]1(CC=C3C2CCC4=CC(=O)CC[C@@]43C)C)O)C(C)C,-8.16,labeled_pubchem,train,,79
299_,CC[C@H](/C=C/[C@@H](C)[C@H]1CC[C@@H]2[C@@]1(CC=C3[C@]24C=C[C@@]5([C@@]3(CC[C@@H](C5)O)C)OO4)C)C(C)C,-6.29,labeled_pubchem,train,test,99
300_,CC[C@H](/C=C/[C@@H](C)[C@H]1CC[C@@H]2[C@@]1(CC=C3[C@H]2C=CC4[C@@]3(CC[C@@H](C4)O)C)C)C(C)C,-6.42,labeled_pubchem,train,,90
301_,CC[C@H](C[C@H]([C@@H](C)[C@H]1CCC2[C@@]1(CCC3C2C[C@H]([C@@]4([C@@]3([C@H](C[C@@H](C4)O)O)C)O)O)C)O)C(C)C,-6.53,labeled_pubchem,train,,104
302_,CCC1=CC2C[C@H](C1)C3=C(C4=C(C=C(C=C4)Cl)N=C3C2)N,-12.84,labeled_pubchem,train,,48
303_,C1=CC=C2C(=C1)C=C3C=CC=CC3=C2C(=O)N4C5=CC=CC=C5SC6=CC=CC=C64,-11.58,labeled_pubchem,train,,60
304_,C1=CC2=C3C(=C1)C(=O)C4=C(C3=NC=C2)C=CC(=C4)N,-7.41,labeled_pubchem,train,,44
305_,CN(C)CCOC(=O)NC1=CC=NC=C1,-4.8,labeled_pubchem,train,,25
306_,C[N+](C)(C)CCOC(=O)NC1=CC=NC=C1,-5.2,labeled_pubchem,train,,31
307_,C[N+](C)(C)CCOC(=O)NC1=CC(=NC=C1)Cl,-5.23,labeled_pubchem,train,,35
308_,C[N+](C)(C)CCOC(=O)NC1=C(C=NC=C1)Br,-5.39,labeled_pubchem,train,,35
309_,CN(C)CCOC(=O)NC1=CC(=NC=C1)Cl,-5.04,labeled_pubchem,train,,29
310_,CN(C)CCOC(=O)NC1=C(C=NC=C1)Br,-4.79,labeled_pubchem,train,,29
311_,CN(C)CCOC(=O)NC1=CC(=NC(=C1)Cl)Cl,-5.28,labeled_pubchem,train,,33
312_,C/C=C/1\C2C=C(C[C@@]1(C3=C(C2(C)C)NC(=O)C=C3)N)C,-10.67,labeled_pubchem,train,,48
313_,C1=CC=C(C=C1)OC2=NC=C(C=C2)S(=O)(=O)NCCCNC3=C4C=CC(=CC4=NC=C3)Cl,-5.44,labeled_pubchem,train,,64
314_,C1=CC2=C(C(=C1)S(=O)(=O)NCCCNC3=C4C=CC(=CC4=NC=C3)Cl)N=CC=C2,-3.84,labeled_pubchem,train,test,60
315_,CN1CCOC2=C1C=CC(=C2)S(=O)(=O)NCCCNC3=C4C=CC(=CC4=NC=C3)Cl,-5.51,labeled_pubchem,train,,57
316_,CO/N=C\C1=CC=C(C=C1)O[C@H]2[C@@H]([C@H]([C@@H]([C@H](O2)CO)O)O)O,-9.43,labeled_pubchem,train,,64
317_,C1CCC(C1)[C@@H](CO)NS(=O)(=O)C2=CC=C(S2)Cl,-8.19,labeled_pubchem,train,,42
318_,CN[C@@H](CC1=CC=CC=C1)C(=O)NCC(=O)NC2=C3CCCCC3=NC4=CC=CC=C42,-7.12,labeled_pubchem,train,,60
319_,C1CCC2=NC3=CC=CC=C3C(=C2C1)NC(=O)CNC(=O)[C@H](CC4=CC5=CC=CC=C5C=C4)N,-6.78,labeled_pubchem,train,test,68
320_,C1CCC2=NC3=CC=CC=C3C(=C2C1)NC(=O)CNC(=O)[C@@H]4CC5=CC=CC=C5CN4,-7.37,labeled_pubchem,train,,62
321_,C1CCC2=NC3=CC=CC=C3C(=C2C1)NC(=O)CNC(=O)[C@H](CC4=CC=CC=C4)N,-7.83,labeled_pubchem,train,,60
322_,C1CCC2=NC3=CC=CC=C3C(=C2C1)NC(=O)CNC(=O)[C@H](CC4=CNC5=CC=CC=C54)N,-7.74,labeled_pubchem,train,,66
323_,CN[C@@H](CC1=CNC2=CC=CC=C21)C(=O)NCC(=O)NC3=C4CCCCC4=NC5=CC=CC=C53,-7.5,labeled_pubchem,train,test,66
324_,CC(C)(C)OC(=O)N[C@@H](CC1=CNC2=CC=CC=C21)C(=O)NCCC(=O)NC3=C4CCCCC4=NC5=CC=CC=C53,-6.98,labeled_pubchem,train,,80
325_,C1CCC2=NC3=CC=CC=C3C(=C2C1)NC(=O)CCNC(=O)[C@H](CC4=CNC5=CC=CC=C54)N,-6.12,labeled_pubchem,train,,67
326_,CC(C)(C)OC(=O)N[C@@H](CC1=CNC2=CC=CC=C21)C(=O)NCCNC3=C4CCCCC4=NC5=CC=CC=C53,-9.43,labeled_pubchem,train,,75
327_,C1CCC2=NC3=CC=CC=C3C(=C2C1)NCCNC(=O)[C@H](CC4=CNC5=CC=CC=C54)N,-8.97,labeled_pubchem,train,,62
328_,CC(C)(C)OC(=O)N[C@@H](CCC(=O)NCCNC1=C2CCCCC2=NC3=CC=CC=C31)C(=O)NCCNC4=C5CCCCC5=NC6=CC=CC=C64,-10.7,labeled_pubchem,train,,93
329_,C1CCC2=NC3=CC=CC=C3C(=C2C1)NCCNC(=O)CC[C@@H](C(=O)NCCNC4=C5CCCCC5=NC6=CC=CC=C64)N,-11.24,labeled_pubchem,train,,81
330_,C1CCC2=NC3=CC=CC=C3C(=C2C1)NCCCCCNC(=O)[C@@H]4CCCN4CCNC5=C6CCCCC6=NC7=CC=CC=C75,-11.19,labeled_pubchem,train,,79
331_,C[N+](C)(C)CCCCCCCCCC[N+]1=C(C=C(C2=C1C3=C(C=CC(=C3)N)C=C2)N)C4=CC=CC=C4,-11.88,labeled_pubchem,train,test,72
332_,CN(CC1=CC=CC=C1)CC2=CC=C(C=C2)/C=C/3\CCC4=C(C3=O)C=CC(=C4)OCCCCCN5CCCCC5,-9.88,labeled_pubchem,train,test,72
333_,CC1=C(CCCP(=O)(O1)OC)C(=O)OC,-5.64,labeled_pubchem,train,test,28
334_,CC(C)N(CCNC(=O)N1C2=CC=CC=C2SC3=CC=CC=C31)C(C)C,-8.13,labeled_pubchem,train,test,47
335_,COC1=C(C2=C[N+]3=C(C=C2C=C1)C4=CC5=C(C=C4CC3)OCO5)OCCCCOC6=CC=CC=C6,-10.06,labeled_pubchem,train,test,67
336_,CC(C)C1=CC(=C(C=C1)C(=O)CC(C(=O)NC2=CC=CC=C2)N3C=CN=C3)C(C)C,-7.3,labeled_pubchem,train,,60
337_,CCOC(=O)C1=C(N=C2C(=C1)C(=C3CCCCC3=N2)N)C,-10.43,labeled_pubchem,train,,41
338_,C1=CC=[N+](C=C1)CC2=CC3=C(C=C2)C=CC(=C3)C[N+]4=CC=CC=C4,-9.38,labeled_pubchem,train,,55
339_,C1CN2CC3=CC4=C(C=C3[C@H]5[C@H]2C1=C[C@@H]([C@H]5OC(=O)C6=CC=CC=C6)O)OCO4,-8.58,labeled_pubchem,train,,72
340_,C1CCN(CC1)C2=NC(=C(C=C2C#N)C#N)Cl,-6.52,labeled_pubchem,train,,33
341_,CC(C)(C)[Si](C)(C)O[C@H]1C=C2CCN3[C@H]2[C@@H]([C@@H]1OC(=O)C4=CC=CC=C4)C5=CC6=C(C=C5C3)OCO6,-8.77,labeled_pubchem,train,,91
342_,CC(=O)O[C@H]1C=C2CCN3[C@H]2[C@@H]([C@@H]1OC(=O)C4=CC=CC=C4)C5=CC6=C(C=C5C3)OCO6,-8.23,labeled_pubchem,train,test,79
343_,C1=CC=C2C=[N+](C=CC2=C1)CC3=CC4=C(C=C3)C=CC(=C4)C[N+]5=CC6=CC=CC=C6C=C5,-8.23,labeled_pubchem,train,,71
344_,CC(C1=C(C=CC(=C1)OC)OC)NS(=O)(=O)N,-11.3,labeled_pubchem,train,test,34
345_,C1CCC2=C(C1)C(=C3C(C4=C(C=CC5=CC=CC=C54)OC3=N2)C6=CC=C(C=C6)O)N,-11.37,labeled_pubchem,train,,63
346_,C[C@@H](C(=O)O[C@H]1CC[C@]2([C@H](C1(C)C)CC[C@@]3([C@@H]2C(=O)C=C4[C@]3(CC[C@@]5([C@H]4C[C@@](CC5)(C)C(=O)OC)C)C)C)C)N.Cl,-6.41,labeled_pubchem,train,,121
347_,C[C@H](C(=O)O[C@H]1CC[C@]2([C@H](C1(C)C)CC[C@@]3([C@@H]2C(=O)C=C4[C@]3(CC[C@@]5([C@H]4C[C@@](CC5)(C)C(=O)OC)C)C)C)C)N,-6.51,labeled_pubchem,train,,117
348_,C[C@]12CC[C@](C[C@H]1C3=CC(=O)[C@@H]4[C@]5(CC[C@@H](C([C@@H]5CC[C@]4([C@@]3(CC2)C)C)(C)C)OC(=O)CN)C)(C)C(=O)OC.Cl,-6.44,labeled_pubchem,train,,113
349_,C[C@@H](C(=O)O[C@H]1CC[C@]2([C@H](C1(C)C)CC[C@@]3([C@@H]2C(=O)C=C4[C@]3(CC[C@@]5([C@H]4C[C@@](CC5)(C)C(=O)O)C)C)C)C)N.Cl,-6.33,labeled_pubchem,train,,120
350_,COC1=C(C=C2CN(CCC2=C1)C3=CC=[N+](C=C3)CC4=CC=C(C=C4)C[N+]5=CC=C(C=C5)N6CCCCC6)OC,-10.51,labeled_pubchem,train,test,80
351_,C1CN(CC2=C1C3=C(S2)NC4=NCCN4C3=O)CC5=CC=CC=C5,-7.95,labeled_pubchem,train,test,45
352_,C1CN=C2NC3=C(C4=C(S3)CN(CC4)CC5=CC=CC=C5)C(=O)N2C1,-7.78,labeled_pubchem,train,,50
353_,CC(C)(C)C1=CC=[N+](C=C1)/C=C/2\CC=C3C=C/C(=C\[N+]4=CC=C(C=C4)C(C)(C)C)/CC3=C2,-9.58,labeled_pubchem,train,,77
354_,CN1C2=C(C=C(C=C2)OCCCC3CCN(CC3)CC4=CC=CC=C4)C=C1CN(C)CC#C,-9.35,labeled_pubchem,train,,57
355_,C[C@]12CC[C@](C[C@H]1C3=CC(=O)[C@@H]4[C@]5(CC[C@@H](C([C@@H]5CC[C@]4([C@@]3(CC2)C)C)(C)C)OC(=O)[C@H](CC(=O)OCC6=CC=CC=C6)N)C)(C)C(=O)OC,-6.23,labeled_pubchem,train,,135
356_,C[C@]12CC[C@](C[C@H]1C3=CC(=O)[C@@H]4[C@]5(CC[C@@H](C([C@@H]5CC[C@]4([C@@]3(CC2)C)C)(C)C)OC(=O)[C@H](CCC(=O)OCC6=CC=CC=C6)N)C)(C)C(=O)OC,-6.56,labeled_pubchem,train,test,136
357_,C[C@]12CC[C@](C[C@H]1C3=CC(=O)[C@@H]4[C@]5(CC[C@@H](C([C@@H]5CC[C@]4([C@@]3(CC2)C)C)(C)C)OC(=O)[C@H](CC(=O)O)N)C)(C)C(=O)OC.Cl,-6.56,labeled_pubchem,train,test,126
358_,C[C@]12CC[C@](C[C@H]1C3=CC(=O)[C@@H]4[C@]5(CC[C@@H](C([C@@H]5CC[C@]4([C@@]3(CC2)C)C)(C)C)OC(=O)[C@H](CCC(=O)O)N)C)(C)C(=O)OC.Cl,-6.47,labeled_pubchem,train,,127
359_,C[N+]1=C(N(C=C1)COCCCC2=CC=CC=C2)CN=O,-7.39,labeled_pubchem,train,,37
360_,C[N+]1=C(N(C=C1)COCC2=CC=CC3=CC=CC=C32)CN=O,-7.47,labeled_pubchem,train,,43
361_,C[N+]1=CC=CC=C1CN=O,-5.34,labeled_pubchem,train,test,19
362_,CC(C(C)(C)C)OCN1C=C[N+](=C1CN=O)C,-7.01,labeled_pubchem,train,,33
363_,C[N+]1=C(N(C=C1)COC)CN=O,-5.91,labeled_pubchem,train,,24
364_,CC(=O)C(CCC(C)(C)C)(F)F,-12.04,labeled_pubchem,train,,23
365_,CC(=O)NC1=NN(C2=C1C=C3C(=C4CCCCC4=NC3=N2)N)C,-9.32,labeled_pubchem,train,,44
366_,C1CCC2=NC3=C(C=CC(=C3)Cl)C(=C2C1)NCCCCCCCNC4=C5CC6=CC=CC=C6C5=NC7=CC=CC=C74,-12.32,labeled_pubchem,train,,75
367_,C1=CC=C2C(=C1)C=CC=[N+]2CC3=CC4=C(C=C3)C=CC(=C4)C[N+]5=CC=CC6=CC=CC=C65,-7.34,labeled_pubchem,train,,71
368_,CC(C)OC(=O)CCC(=O)NC1=C(C=NC=C1)N,-7.52,labeled_pubchem,train,,33
369_,C1=CC=[N+](C(=C1)CN=O)COC[N+]2=CC=C(C=C2)C(=O)N,-4.98,labeled_pubchem,train,test,47
370_,C1CCC2=C(C1)C(=C3C=C(N(C3=N2)C4=CC=CC=C4)C5=CC=CC=C5)N,-8.5,labeled_pubchem,train,,54
371_,C[C@]12CC[C@](C[C@H]1C3=CC(=O)[C@@H]4[C@]5(CC[C@@H](C([C@@H]5CC[C@]4([C@@]3(CC2)C)C)(C)C)OC(=O)[C@H](CSCC6=CC=CC=C6)N)C)(C)C(=O)OC,-6.01,labeled_pubchem,train,test,130
372_,CC(=O)[C@@H]1CC[C@]2([C@H]1[C@H]3CC[C@@H]4[C@]5(CC[C@@H](C([C@@H]5CC[C@]4([C@@]3(CC2)C)C)(C)C)OC(=O)C)C)C(=O)O,-6.91,labeled_pubchem,train,,110
373_,C[C@]12CC[C@](C[C@H]1C3=CC(=O)[C@@H]4[C@]5(CC[C@@H](C([C@@H]5CC[C@]4([C@@]3(CC2)C)C)(C)C)O)C)(C)C(=O)NCCCCN,-6.0,labeled_pubchem,train,,107
374_,C[C@]12CC[C@](C[C@H]1C3=CC(=O)[C@@H]4[C@]5(CC[C@@H](C([C@@H]5CC[C@]4([C@@]3(CC2)C)C)(C)C)O)C)(C)C(=O)OCCBr,-6.33,labeled_pubchem,train,,106
375_,C[C@]12CC[C@](C[C@H]1C3=CC(=O)[C@@H]4[C@]5(CC[C@@H](C([C@@H]5CC[C@]4([C@@]3(CC2)C)C)(C)C)O)C)(C)C(=O)OCCCCCCBr,-6.69,labeled_pubchem,train,,110
376_,C[C@]12CC[C@](C[C@H]1C3=CC(=O)[C@@H]4[C@]5(CC[C@@H](C([C@@H]5CC[C@]4([C@@]3(CC2)C)C)(C)C)O)C)(C)C(=O)OC/C=C/CBr,-6.2,labeled_pubchem,train,,111
377_,C[C@]12CC[C@](C[C@H]1C3=CC(=O)[C@@H]4[C@]5(CC[C@@H](C([C@@H]5CC[C@]4([C@@]3(CC2)C)C)(C)C)O)C)(C)C(=O)OCCC=C,-6.61,labeled_pubchem,train,,107
378_,CC1([C@H](CC2=C(O1)C3=CC=CC=C3N(C2=O)C)O)C,-5.42,labeled_pubchem,train,,42
379_,CCN(CC)CCCNC1=CC2=C(C=C1)C(=O)C3=CC=CC4=C3C2=NC=C4,-9.02,labeled_pubchem,train,,50
380_,CC(C)CC(=O)OC1=CC=C(C=C1)COC(=O)NC2=C(C=NC=C2)N,-5.83,labeled_pubchem,train,,47
381_,C1CCC(C1)C(=O)OC2=CC=C(C=C2)COC(=O)NC3=C(C=NC=C3)N,-7.07,labeled_pubchem,train,test,50
382_,CC(=O)OC1=CC=C(C=C1)COC(=O)NC2=C(C=NC=C2)N,-6.79,labeled_pubchem,train,test,42
383_,CCCC(=O)OC1=CC=C(C=C1)COC(=O)NC2=C(C=NC=C2)N,-6.73,labeled_pubchem,train,,44
384_,CCC(=O)OC1=CC=C(C=C1)COC(=O)NC2=C(C=NC=C2)N,-7.18,labeled_pubchem,train,,43
385_,CC(C)C(=O)OC1=CC=C(C=C1)COC(=O)NC2=C(C=NC=C2)N,-7.41,labeled_pubchem,train,,46
386_,CC(=CCC/C(=C/CC1=C(C2=C(C=C1O)OC(CC2=O)C3=CC(=C(C(=C3)O)OC)O)O)/C)C,-6.19,labeled_pubchem,train,,67
387_,C#CCN1CCC2=C(C1)C(=C3C=C(C(=NC3=N2)N4CCCC4)C#N)N,-9.84,labeled_pubchem,train,,48
388_,CC(C)NC[C@@H](C1=CC(=CC(=C1)OC(=O)N(C)C)OC(=O)N(C)C)O,-4.49,labeled_pubchem,train,test,53
389_,CC(C)NC[C@@H](C1=CC(=C(C=C1)OC(=O)N(C)C)OC(=O)N(C)C)O,-3.95,labeled_pubchem,train,,53
390_,COC1=CC(=C(C=C1)C(=O)C2=CC(=C(C=C2)OC)OC)Br,-11.57,labeled_pubchem,train,,43
391_,COC1=C(C=CC(=C1)C2C3=C(C4=CC=CC=C4C=C3)OC5=NC6=C(CCCC6)C(=C25)N)O,-9.71,labeled_pubchem,train,,65
392_,C[N+]1=CC2=CC=CC=C2C3=CC=CC=C31.[Br-],-6.74,labeled_pubchem,train,,37
393_,COC1=CC(=C(C=C1C(=O)C2=CC=CC=C2)OC)Br,-11.33,labeled_pubchem,train,,37
394_,CN(CCCN1CCN(CC1)CCNC2=C3CCCCC3=NC4=CC=CC=C42)C5=CC=CC=C5,-10.07,labeled_pubchem,train,,56
395_,CCN(CCC(=O)N1CCN(CC1)CCNC2=C3CCCCC3=NC4=CC=CC=C42)C5CCCCC5,-11.84,labeled_pubchem,train,,58
396_,CC(=CCC/C(=C/CC1=C(C2=C(C=C1O)OC([C@H](C2=O)O)C3=CC(=C(C(=C3)O)OC)O)O)/C)C,-6.53,labeled_pubchem,train,test,74
397_,CN(CCCN1CCN(CC1)CCNC2=C3CCCCC3=NC4=CC=CC=C42)C5CCCCC5,-10.48,labeled_pubchem,train,,53
398_,CN(CCC(=O)N1CCN(CC1)CCNC2=C3CCCCC3=NC4=CC=CC=C42)C5CCCCC5,-12.95,labeled_pubchem,train,test,57
399_,CN(CCC(=O)N1CCN(CC1)CCNC2=C3CCCCC3=NC4=CC=CC=C42)C5=CC=CC=C5,-10.22,labeled_pubchem,train,,60
400_,C1CCN(CC1)CCC(=O)N2CCN(CC2)CCNC3=C4CCCCC4=NC5=CC=CC=C53,-10.2,labeled_pubchem,train,,55
401_,C1=CC=C2C(=C1)C=C3C=CC=CC3=[N+]2CCCCCC[N+]4=C5C=CC=CC5=CC6=CC=CC=C64.[I-].[I-],-11.88,labeled_pubchem,train,,78
402_,CCC1=C([N+](=CS1)C)C.[I-],-7.3,labeled_pubchem,train,,25
403_,CC(=O)C1=CC=CC=C1NC(=O)C2=CC=C(C=C2)OCCCC[N+]3=CC4=CC=CC=C4C=C3,-10.05,labeled_pubchem,train,,63
404_,C1=CC=C2C(=C1)C(=CN2)CCNC(=O)C3=CC=C(C=C3)OCCCCN4C5=CC=CC=C5C6=CC=CC=C64,-8.0,labeled_pubchem,train,test,72
405_,C1=CC=C2C(=C1)C=CC=[N+]2CCCCOC3=CC=C(C=C3)C(=O)NCCC4=CNC5=CC=CC=C54,-9.46,labeled_pubchem,train,test,67
406_,CC(=O)C1=CC=CC=C1NC(=O)C2=CC=C(C=C2)OCCCCC[N+]3=CC=CC=C3,-9.71,labeled_pubchem,train,,56
407_,CCN(C)C(=O)OC1=CC2=C(C=C1)N(C3C4=CC=CC=C4CCN3C2)C,-8.15,labeled_pubchem,train,,49
408_,CC(=O)C1=CC=CC=C1NC(=O)C2=CC=C(C=C2)OCCCCC[N+]3=CC=CC4=CC=CC=C43,-11.21,labeled_pubchem,train,,64
409_,CN(C)CCOC1=CC=C(C=C1)C(=O)/C=C/C2=CC=CC=C2,-7.22,labeled_pubchem,train,test,42
410_,CC(=O)C1=CC=CC=C1NC(=O)C2=CC=C(C=C2)OCCCC[N+]3=CC=CC4=CC=CC=C43,-9.96,labeled_pubchem,train,,63
411_,CC(=O)C1=CC=CC=C1NC(=O)C2=CC=C(C=C2)OCCCCC[N+]3=CC4=CC=CC=C4C=C3,-10.06,labeled_pubchem,train,test,64
412_,CC(=O)C1=CC=CC=C1NC(=O)C2=CC=C(C=C2)OCCCCCC[N+]3=CC4=CC=CC=C4C=C3,-10.99,labeled_pubchem,train,test,65
413_,CN(C)C1=CC=[N+](C=C1)CCCCOC2=CC=C(C=C2)C(=O)NCCC3=CNC4=CC=CC=C43,-9.18,labeled_pubchem,train,,64
414_,CC(=O)C1=CC=CC=C1NC(=O)C2=CC=C(C=C2)OCCCCCC[N+]3=CC=CC=C3,-10.03,labeled_pubchem,train,,57
415_,C1CN(CCC1COC2=NC=C(C=N2)C(=O)/C=N/O)CC3=CC=CC=C3,-5.83,labeled_pubchem,train,,48
416_,C1CN(CCC1CNC(=O)/C=N/O)CC2=CC=CC=C2,-3.42,labeled_pubchem,train,,35
417_,C1CN(CCC1NC(=O)/C=N/O)CC2=CC=CC=C2,-3.58,labeled_pubchem,train,,34
418_,C1CN(CCC1COC2=NC=C(C=C2)/C=N/O)CC3=CC=CC=C3,-4.89,labeled_pubchem,train,,43
419_,C1CCC2=NC3=CC=CC=C3C(=C2C1)NCCCCNC(=O)/C=N/O,-7.98,labeled_pubchem,train,,44
420_,C1CCC2=NC3=CC=CC=C3C(=C2C1)NCCCCCCNC(=O)/C=N/O,-8.53,labeled_pubchem,train,,46
421_,C1CN(CCC1COC2=NC=C(C=C2)C(=O)/C=N/O)CC3=CC=CC=C3,-6.17,labeled_pubchem,train,,48
422_,C1CN(CCC1COC2=NC=C(C=N2)/C=N/O)CC3=CC=CC=C3,-5.07,labeled_pubchem,train,,43
423_,CC(=O)/C(=N\O)/C(=O)NC1CCN(CC1)CC2=CC=CC=C2,-4.97,labeled_pubchem,train,,43
424_,C1CN(CCC1NC(=O)/C(=N/O)/C#N)CC2=CC=CC=C2,-4.29,labeled_pubchem,train,test,40
425_,CC(=O)/C(=N\O)/C(=O)NCC1CCN(CC1)CC2=CC=CC=C2,-5.67,labeled_pubchem,train,test,44
426_,C1CN(CCC1CNC(=O)/C(=N/O)/C#N)CC2=CC=CC=C2,-1.4,labeled_pubchem,train,test,41
427_,C1=CC=[N+](C=C1)CC2=CC3=C(C(=C2)O)C(=O)C4=C(C3=O)C=CC=C4O,-8.97,labeled_pubchem,train,,57
428_,CCOC(=O)C1=CC2=C(C=C(C=C2)OCCN3CCCCC3)OC1=O,-10.28,labeled_pubchem,train,,43
429_,COC1=CC=C(C=C1)/C=N/NC(=O)CN2CCC(CC2)CC3=CC=CC=C3,-6.45,labeled_pubchem,train,,49
430_,CCOC1=CC=C(C=C1)/C=N/NC(=O)CN2CCC(CC2)CC3=CC=CC=C3,-5.73,labeled_pubchem,train,,50
431_,C1CCN(CC1)CCNC(=O)C2=CC3=CC=CC=C3OC2=O,-6.65,labeled_pubchem,train,,38
432_,CC(C1=CC(=C(C=C1)C2=CC=C(C=C2)OCCO[N+](=O)[O-])F)C(=O)NCCCCCCNC3=C4CCCCC4=NC5=CC=CC=C53,-10.67,labeled_pubchem,train,,87
433_,C[C@]12CC[C@](C[C@H]1C3=CC(=O)[C@@H]4[C@]5(CC[C@@H](C([C@@H]5CC[C@]4([C@@]3(CC2)C)C)(C)C)OC(=O)CNC)C)(C)C(=O)OC,-6.42,labeled_pubchem,train,,111
434_,C[C@]12CC[C@](C[C@H]1C3=CC(=O)[C@@H]4[C@]5(CC[C@@H](C([C@@H]5CC[C@]4([C@@]3(CC2)C)C)(C)C)OC(=O)[C@@H]6CCCN6)C)(C)C(=O)OC,-6.34,labeled_pubchem,train,,120
435_,C[C@]12CC[C@](C[C@H]1C3=CC(=O)[C@@H]4[C@]5(CC[C@@H](C([C@@H]5CC[C@]4([C@@]3(CC2)C)C)(C)C)OC(=O)[C@H](CC6=CC=CC=C6)N)C)(C)C(=O)OC,-6.41,labeled_pubchem,train,,128
436_,C[C@]12CC[C@](C[C@H]1C3=CC(=O)[C@@H]4[C@]5(CC[C@@H](C([C@@H]5CC[C@]4([C@@]3(CC2)C)C)(C)C)OC(=O)[C@H](CCN)N)C)(C)C(=O)OC,-6.47,labeled_pubchem,train,test,119
437_,C[C@]12CC[C@](C[C@H]1C3=CC(=O)[C@@H]4[C@]5(CC[C@@H](C([C@@H]5CC[C@]4([C@@]3(CC2)C)C)(C)C)OC(=O)[C@H](CCCCN)N)C)(C)C(=O)OC,-6.43,labeled_pubchem,train,,121
438_,C1=CC=C(C=C1)C[N+]2=CC=CC3=C2C=CC4=CC=CC=C43.[Br-],-6.47,labeled_pubchem,train,,50
439_,CC1=CC(=O)OC2=C1C=CC(=C2)OCCN3CCN(CC3)CC(=O)NC4=C5CCCCC5=NC6=CC=CC=C64,-9.71,labeled_pubchem,train,,70
440_,COC1=C(C=C2C(=C1)C=C(C(=O)O2)NC(=O)[C@H]3CCC[C@H](C3)NCC4=CC=CC=C4)OC,-11.04,labeled_pubchem,train,,69
441_,C1=CC=C(C=C1)C(=NNC(=O)NC2=CC=NC=C2)C3=CC=CC=C3,-9.7,labeled_pubchem,train,,47
442_,CC(=C1C=CC(=O)C=C1)NNC(=O)NC2=CC=NC=C2,-9.05,labeled_pubchem,train,,38
443_,C1=C/C(=C\NNC(=O)NC2=CC=NC=C2)/C(=CC1=O)O,-7.46,labeled_pubchem,train,,41
444_,COC1=CC=C(C=C1)/C=N/NC(=O)NC2=CC=NC=C2,-6.09,labeled_pubchem,train,,38
445_,COC1=C(C=C(C=C1)/C=N/NC(=O)NC2=CC=NC=C2)OC,-6.83,labeled_pubchem,train,,42
446_,COC1=C/C(=C/NNC(=O)NC2=CC=NC=C2)/C=CC1=O,-6.42,labeled_pubchem,train,test,40
447_,CC1=CC=CC=C1SCCOC2=C(C=CC3=CC4=[N+](CCC5=CC6=C(C=C54)OCO6)C=C32)OC,-9.79,labeled_pubchem,train,,66
448_,COC1=C(C2=C[N+]3=C(C=C2C=C1)C4=CC5=C(C=C4CC3)OCO5)OCCSC6=CC=CC=C6Cl,-10.6,labeled_pubchem,train,,67
449_,CCN(CC)CCCCCCCCOC1=CC2=C(C=C1)C(=O)C=C(O2)C3=CC=C(C=C3)N(C)C,-8.78,labeled_pubchem,train,test,60
450_,C1CCC2=C(C1)C(=C3C(C4=C(C5=CC=CC=C5OC4=O)OC3=N2)C6=CC=C(C=C6)F)N,-10.48,labeled_pubchem,train,test,64
451_,C1=CC=[N+](C=C1)CCCCCCCCCC[N+]2=CC=CC3=CC=CC=C32.[Br-].[Br-],-8.76,labeled_pubchem,train,test,60
452_,C1=CC=[N+](C=C1)CCCCCCCCCCCC[N+]2=CC=CC3=CC=CC=C32.[Br-].[Br-],-10.75,labeled_pubchem,train,,62
453_,C1CCC2=NC3=CC=CC=C3C(=C2C1)NCCCCCCCCNC4=C5CCCCC5=NC6=C4C=CC=C6[N+](=O)[O-],-12.47,labeled_pubchem,train,,74
454_,C1CCC2=NC3=CC=CC=C3C(=C2C1)NCCCCCCCCNC4=C5CCCCC5=NC6=C4C=CC=C6N,-13.2,labeled_pubchem,train,,63
455_,C1CCC2=NC3=CC=CC=C3C(=C2C1)NCCCCCCCCNC4=C5CCCCC5=NC6=C4C=CC=C6NC(=O)CNC(=O)CC[C@@H](C(=O)N[C@@H](CC7=CC=CC=C7)C(=O)OCC8=CC=CC=C8)NC(=O)CNC(=O)OCC9=CC=CC=C9,-11.94,labeled_pubchem,train,,155
456_,CN(CCCCNC1=C2CCCCC2=NC3=CC=CC=C31)CCCNC4=C5CCCCC5=NC6=C4C=CC=C6NC(=O)CNC(=O)CC[C@@H](C(=O)N[C@@H](CC7=CC=CC=C7)C(=O)OCC8=CC=CC=C8)NC(=O)CNC(=O)OCC9=CC=CC=C9,-11.37,labeled_pubchem,train,,156
457_,CN(CCCCNC1=C2CCCCC2=NC3=C1C=CC=C3NC(=O)CNC(=O)CC[C@@H](C(=O)N[C@@H](CC4=CC=CC=C4)C(=O)OCC5=CC=CC=C5)NC(=O)CNC(=O)OCC6=CC=CC=C6)CCCNC7=C8CCCCC8=NC9=CC=CC=C97,-12.08,labeled_pubchem,train,,156
458_,COC1=C(C=C2C(=C1)C(=O)N([Se]2)CCC3CCN(CC3)CC4=CC=CC=C4)OC,-10.64,labeled_pubchem,train,,57
459_,C[C@@]12CC[C@@H]3[C@@]([C@H]1CC=C4[C@]2(CC[C@@]5([C@H]4CC(CC5)(C)C)C(=O)OCC6=CC=C(C=C6)[N+](=O)[O-])C)(C[C@H]([C@@H](C3(C)C)O)O)C,-7.14,labeled_pubchem,train,,129
460_,C[C@@]12CC[C@@H]3[C@@]([C@H]1CC=C4[C@]2(CC[C@@]5([C@H]4CC(CC5)(C)C)C(=O)OCC6=CC=C(C=C6)OC)C)(C[C@H]([C@@H](C3(C)C)O)O)C,-7.1,labeled_pubchem,train,,119
461_,C[C@@]12CC[C@@H]3[C@@]([C@H]1CC=C4[C@]2(CC[C@@]5([C@H]4CC(CC5)(C)C)C(=O)OCC6=C(C=C(C=C6)Cl)Cl)C)(C[C@H]([C@@H](C3(C)C)O)O)C,-7.79,labeled_pubchem,train,,123
462_,CC(=O)O[C@@H]1C[C@]2([C@@H](CC[C@@]3([C@@H]2CC=C4[C@]3(CC[C@@]5([C@H]4CC(CC5)(C)C)C(=O)NCC#C)C)C)C([C@H]1OC(=O)C)(C)C)C,-6.97,labeled_pubchem,train,test,119
463_,C#CCN(CC1=C2C=CC=NC2=C(C=C1)O)C(CCC3CCN(CC3)CC4=CC=CC=C4)C#N,-8.1,labeled_pubchem,train,,60
464_,CCCOC(=O)[C@@]12CC[C@@]3(C(=CC[C@H]4[C@]3(CC[C@@H]5[C@@]4(C[C@H]([C@@H](C5(C)C)O)O)C)C)[C@@H]1CC(CC2)(C)C)C,-6.53,labeled_pubchem,train,test,107
465_,C[C@@]12CC[C@@H]3[C@@]([C@H]1CC=C4[C@]2(CC[C@@]5([C@H]4CC(CC5)(C)C)C(=O)OCCCCl)C)(C[C@H]([C@@H](C3(C)C)O)O)C,-6.92,labeled_pubchem,train,,108
466_,C[C@@]12CC[C@@H]3[C@@]([C@H]1CC=C4[C@]2(CC[C@@]5([C@H]4CC(CC5)(C)C)C(=O)OCCCI)C)(C[C@H]([C@@H](C3(C)C)O)O)C,-7.15,labeled_pubchem,train,,107
467_,C[C@@]12CC[C@@H]3[C@@]([C@H]1CC=C4[C@]2(CC[C@@]5([C@H]4CC(CC5)(C)C)C(=O)OCCC#C)C)(C[C@H]([C@@H](C3(C)C)O)O)C,-7.08,labeled_pubchem,train,test,108
468_,C[C@@]12CC[C@@H]3[C@@]([C@H]1CC=C4[C@]2(CC[C@@]5([C@H]4CC(CC5)(C)C)C(=O)OCCCCCl)C)(C[C@H]([C@@H](C3(C)C)O)O)C,-7.91,labeled_pubchem,train,,109
469_,C[N+](C)(C)CCCCCNC(=O)CC1=CC(=C(C(=C1)Br)OC)Br,-6.43,labeled_pubchem,train,,46
470_,COC1=CC(=CC(=C1OC)OC)C2C3=C(C=C(C=C3)O)OC4=NC5=C(CCCC5)C(=C24)N,-10.03,labeled_pubchem,train,,63
471_,C[C@@]12CC[C@@H]3[C@@]([C@H]1CC=C4[C@]2(CC[C@@]5([C@H]4CC(CC5)(C)C)C(=O)OCCCBr)C)(C[C@H]([C@@H](C3(C)C)O)O)C,-6.1,labeled_pubchem,train,,108
472_,C[C@@]12CC[C@@H]3[C@@]([C@H]1CC=C4[C@]2(CC[C@@]5([C@H]4CC(CC5)(C)C)C(=O)OCCC#CCl)C)(C[C@H]([C@@H](C3(C)C)O)O)C,-7.18,labeled_pubchem,train,,110
473_,CCOC(=O)[C@@]12CC[C@@]3(C(=CC[C@H]4[C@]3(CC[C@@H]5[C@@]4(C[C@H]([C@@H](C5(C)C)O)O)C)C)[C@@H]1CC(CC2)(C)C)C,-7.47,labeled_pubchem,train,,106
474_,C[C@@]12CC[C@@H]3[C@@]([C@H]1CC=C4[C@]2(CC[C@@]5([C@H]4CC(CC5)(C)C)C(=O)OC/C=C\CCl)C)(C[C@H]([C@@H](C3(C)C)O)O)C,-6.36,labeled_pubchem,train,,112
475_,CCN(CCCCOC1=CC=C(C=C1)C2=COC3=CC(=CC(=C3C2=O)O)OCCCCN(CC)CC4=CC=CC=C4OC)CC5=CC=CC=C5OC,-9.38,labeled_pubchem,train,,86
476_,C[C@@]12CC[C@@H]3[C@@]([C@H]1CC=C4[C@]2(CC[C@@]5([C@H]4CC(CC5)(C)C)C(=O)OCCCO)C)(C[C@H]([C@@H](C3(C)C)O)O)C,-6.43,labeled_pubchem,train,,107
477_,C[C@@]12CC[C@@H]3[C@@]([C@H]1CC=C4[C@]2(CC[C@@]5([C@H]4CC(CC5)(C)C)C(=O)OCCC=C)C)(C[C@H]([C@@H](C3(C)C)O)O)C,-7.5,labeled_pubchem,train,test,108
478_,CCCCCCOC(=O)[C@@]12CC[C@@]3(C(=CC[C@H]4[C@]3(CC[C@@H]5[C@@]4(C[C@H]([C@@H](C5(C)C)O)O)C)C)[C@@H]1CC(CC2)(C)C)C,-7.28,labeled_pubchem,train,,110
479_,C[N+](C)(C)CCOC(=O)C1=CC(=C(C(=C1)Br)OC)Br,-5.54,labeled_pubchem,train,test,42
480_,C1=CC=C2C(=C1)C=[N+](C3=CC=CC=C23)CCCCCC[N+]4=CC5=CC=CC=C5C6=CC=CC=C64.[Br-].[Br-],-11.2,labeled_pubchem,train,test,82
481_,C1=CC=C2C(=C1)C=CC3=C2C=CC=[N+]3CCCCCC[N+]4=CC=CC5=C4C=CC6=CC=CC=C65.[Br-].[Br-],-10.37,labeled_pubchem,train,test,80
482_,CC(C)[N+]1=CC2=CC=CC=C2C3=CC=CC=C31.[Br-],-5.94,labeled_pubchem,train,test,41
483_,CCCCCC[N+]1=CC2=CC=CC=C2C3=CC=CC=C31.[Br-],-8.23,labeled_pubchem,train,test,42
484_,C1=CC=C(C=C1)CC[N+]2=CC3=CC=CC=C3C4=CC=CC=C42.[Br-],-8.67,labeled_pubchem,train,,51
485_,C1=CC=C2C(=C1)C=[N+](C3=CC=CC=C23)CC(=O)O.[Br-],-6.2,labeled_pubchem,train,test,47
486_,CC(=O)OCC[N+]1=CC2=CC=CC=C2C3=CC=CC=C31.[Br-],-8.79,labeled_pubchem,train,,45
487_,C1=CC=C(C=C1)CC[N+]2=CC=CC3=C2C=CC4=CC=CC=C43.[Br-],-7.17,labeled_pubchem,train,,51
488_,C1=CC=C2C(=C1)C=CC3=C2C=CC=[N+]3CCO.[Br-],-5.39,labeled_pubchem,train,,41
489_,CC(=O)OCC[N+]1=CC=CC2=C1C=CC3=CC=CC=C32.[Br-],-8.25,labeled_pubchem,train,,45
490_,C1=CC=C2C(=C1)C=[N+](C3=CC=CC=C23)CC4=CC=C(C=C4)C[N+]5=CC6=CC=CC=C6C7=CC=CC=C75.[Br-].[Br-],-8.83,labeled_pubchem,train,,91
491_,C1=CC=C2C(=C1)C=CC3=C2[N+](=CC=C3)CCO.[Br-],-4.98,labeled_pubchem,train,,43
492_,C1=CC=C2C(=C1)C=C3C=CC=CC3=[N+]2CCO.[Br-],-7.23,labeled_pubchem,train,,41
493_,CC(=O)OCC[N+]1=C2C=CC=CC2=CC3=CC=CC=C31.[Br-],-10.51,labeled_pubchem,train,,45
494_,CC(=O)/C(=N\O)/C(=O)NCCCN1CCC2=CC(=C(C=C2C1C3=CC=CC=C3)OC)OC,-3.72,labeled_pubchem,train,test,60
495_,COC1=C(C=C(C=C1)CN2CCCCC2COC3=NC=C(C=C3)C(=O)/C=N/O)OC,-4.97,labeled_pubchem,train,,54
496_,C1CN(CCC1COC2=C(C=CC=N2)C(=O)/C=N/O)CC3=CC=CC=C3,-7.18,labeled_pubchem,train,,48
497_,CC(=O)/C(=N\O)/C(=O)NC1=CC2=C(CCC(C2)N(C)CCC3=CC=CC=C3)N=C1,-8.15,labeled_pubchem,train,,59
498_,C1CCC2=NC3=CC=CC=C3C(=C2C1)NCCCNC(=O)/C=N/O.Cl,-7.13,labeled_pubchem,train,,46
499_,C1CN(CC1COC2=NC=C(C=C2)C(=O)/C=N/O)CC3=CC=CC=C3,-5.29,labeled_pubchem,train,test,47
500_,COC1=C(C=C(C=C1)CN2CCCC(C2)COC3=NC=C(C=C3)C(=O)/C=N/O)OC,-4.74,labeled_pubchem,train,,56
501_,C1CN(CCC1CNC2=NC=C(C=C2)C(=O)/C=N/O)CC3=CC=CC=C3,-4.85,labeled_pubchem,train,,48
502_,CC(=O)/C(=N\O)/C(=O)NCC1CCN(CC1)CC2=CC(=C(C=C2)OC)OC,-3.82,labeled_pubchem,train,,52
503_,COC1=C(C=C(C=C1)CN2CCC(C2)COC3=NC=C(C=C3)C(=O)/C=N/O)OC,-3.56,labeled_pubchem,train,,55
504_,CC(=O)/C(=N\O)/C(=O)NCCCN1CCC2=CC(=C(C=C2C1)OC)OC,-3.52,labeled_pubchem,train,,49
505_,COC1=C(C=C2C(N(CCC2=C1)CCCNC(=O)/C=N/O)C3=CC=CC=C3)OC,-4.42,labeled_pubchem,train,,53
506_,COC1=C(C=C(C=C1)CN2CCC(CC2)COC3=NC=C(C=C3)C(=O)/C=N/O)OC,-3.72,labeled_pubchem,train,test,56
507_,C1CN(CCC1COC2=NC=CC(=C2)C(=O)/C=N/O)CC3=CC=CC=C3,-5.26,labeled_pubchem,train,,48
508_,C1CN(CCC1COC2=CC=CC(=N2)C(=O)/C=N/O)CC3=CC=CC=C3,-5.07,labeled_pubchem,train,,48
509_,C1CCC2=NC3=CC=CC=C3C(=C2C1)NCCCNC(=O)/C(=N/O)/C#N,-7.55,labeled_pubchem,train,,49
510_,CC(=O)[C@@H]1CC[C@]2([C@H]1[C@H]3CC[C@@H]4[C@]5(CC[C@@H](C([C@@H]5CC[C@]4([C@@]3(CC2)C)C)(C)C)O)C)C(=O)OCC6=CC=CC=C6,-7.95,labeled_pubchem,train,,116
511_,C[N+]1=CC=CC2=C1C=CC3=CC=CC=C32.[Br-],-6.6,labeled_pubchem,train,,37
512_,C[N+](C)(CCCCCC[N+](C)(C)CC1=CC=C(C=C1)C2=CC=CC=C2)CC3=CC=C(C=C3)C4=CC=CC=C4.[Br-].[Br-],-5.7,labeled_pubchem,train,,88
513_,CC(C)[C@@H]1CC[C@]2([C@H]1[C@H]3CC[C@@H]4[C@]5(CC[C@@H](C([C@@H]5CC[C@]4([C@@]3(C[C@@H]2OS(=O)(=O)[O-])C)C)(C)C)OS(=O)(=O)[O-])C)C.[Na+].[Na+],-5.26,labeled_pubchem,train,,142
514_,CCOC(=O)[C@]1(CC[C@@]2(CC[C@@]3(C(=CC(=O)[C@H]4[C@]3(CC[C@@H]5[C@@]4(CC[C@@H](C5(C)C)OC(=O)[C@H](CC6=CC=CC=C6)N)C)C)[C@@H]2C1)C)C)C,-6.66,labeled_pubchem,train,,131
515_,CCOC(=O)[C@]1(CC[C@@]2(CC[C@@]3(C(=CC(=O)[C@H]4[C@]3(CC[C@@H]5[C@@]4(CC[C@@H](C5(C)C)OC(=O)[C@@H](CC6=CNC7=CC=CC=C76)N)C)C)[C@@H]2C1)C)C)C,-6.75,labeled_pubchem,train,,138
516_,CC1=C[C@H]2C[C@@H](C1)C3=C(C4=C(C=C(C=C4)Cl)N=C3C2)NCCCCCCCCCNC(=O)C5=CC6=C(C(=C5)O)C(=O)C7=C(C6=O)C=CC=C7O.Cl,-11.66,labeled_pubchem,train,,110
517_,C1CN(CCC1COC2=NC=C(C=C2)C(=O)/C=N/O)CC3=CC(=C(C=C3)F)F,-5.2,labeled_pubchem,train,,54
518_,C1CN(CCC1COC2=NC=C(C=C2)C(=O)/C=N/O)CC3=CC=C(C=C3)C#N,-3.82,labeled_pubchem,train,,53
519_,C1CN(CCC1COC2=NC=C(C=C2)C(=O)/C=N/O)CC3=CC(=CC=C3)Cl,-4.83,labeled_pubchem,train,,52
520_,C1CCN(C(C1)COC2=NC=C(C=C2)C(=O)/C=N/O)CC3=CC=CC=C3,-4.46,labeled_pubchem,train,,50
521_,CC1=C[C@H]2C[C@@H](C1)C3=C(C4=C(C=C(C=C4)Cl)N=C3C2)NCCCCCCCNC5=C6CCCCC6=NC7=C5C=CC(=C7)Cl.Cl.Cl.Cl.Cl,-12.08,labeled_pubchem,train,,101
522_,CCN(CCCCCCNC1=CC(=C(C=C1O)N=CCCCCCN(CC)CC2=CC=CC=C2OC)O)CC3=CC=CC=C3OC,-11.75,labeled_pubchem,train,,70
523_,COC1=CC(=C(C(=C1CN2CCCCC2)O)C(=O)/C=C/C3=CC=CC=C3)OC,-7.46,labeled_pubchem,train,,52
524_,C1CCC2=NC3=CC=CC=C3C(=C2C1)NCCCCCCCNCC4=CC5=CC=CC=C5O4,-12.42,labeled_pubchem,train,,54
525_,COC1=CC=CC(=C1)CN=NC2=NC(=CS2)C3=CC4=CC=CC=C4OC3=O,-7.04,labeled_pubchem,train,test,50
526_,COC1=CC=C(C=C1)CN=NC2=NC(=CS2)C3=CC4=CC=CC=C4OC3=O,-8.08,labeled_pubchem,train,,50
527_,C1=CC=C2C(=C1)C=C(C(=O)O2)C3=CSC(=N3)N=NCC4=CC=CC=C4Cl,-7.21,labeled_pubchem,train,,54
528_,C1=CC=C2C(=C1)C=C(C(=O)O2)C3=CSC(=N3)N=NCC4=CC(=CC=C4)Cl,-7.54,labeled_pubchem,train,,56
529_,C1=CC=C2C(=C1)C=C(C(=O)O2)C3=CSC(=N3)N=NCC4=CC=C(C=C4)Cl,-7.93,labeled_pubchem,train,,56
530_,C1=CC=C2C(=C1)C=C(C(=O)O2)C3=CSC(=N3)N=NCC4=CC(=CC=C4)Br,-8.19,labeled_pubchem,train,test,56
531_,C1=CC=C2C(=C1)C=C(C(=O)O2)C3=CSC(=N3)N=NCC4=CC=C(C=C4)Br,-7.68,labeled_pubchem,train,test,56
532_,C1=CC=C2C(=C1)C=C(C(=O)O2)C3=CSC(=N3)N=NCC4=CC=C(C=C4)[N+](=O)[O-],-7.86,labeled_pubchem,train,,66
533_,CN(C)C1=CC=C(C=C1)CN=NC2=NC(=CS2)C3=CC4=CC=CC=C4OC3=O,-6.85,labeled_pubchem,train,,53
534_,COC1=CC(=CC(=C1OC)OC)CN=NC2=NC(=CS2)C3=CC4=CC=CC=C4OC3=O,-7.19,labeled_pubchem,train,,56
535_,COC1=CC(=CC(=C1O)OC)CN=NC2=NC(=CS2)C3=CC4=CC=CC=C4OC3=O,-7.95,labeled_pubchem,train,,55
536_,C1=CC=C(C=C1)COC2=CC=CC=C2CN=NC3=NC(=CS3)C4=CC5=CC=CC=C5OC4=O,-7.02,labeled_pubchem,train,,61
537_,COC1=CC=C(C=C1)[C@@H]2CC(N=N2)C3=C4C=CC=CC4=CC5=CC=CC=C53,-10.41,labeled_pubchem,train,,57
538_,C1[C@H](N=NC1C2=C3C=CC=CC3=CC4=CC=CC=C42)C5=CC(=CC=C5)[N+](=O)[O-],-10.51,labeled_pubchem,train,,66
539_,C1[C@H](N=NC1C2=C3C=CC=CC3=CC4=CC=CC=C42)C5=CC=CC=N5,-10.11,labeled_pubchem,train,,52
540_,C1[C@H](N=NC1C2=C3C=CC=CC3=CC4=CC=CC=C42)C5=C(C=C(C=C5)O)O,-11.15,labeled_pubchem,train,,58
541_,C1[C@H](N=NC1C2=C3C=CC=CC3=CC4=CC=CC=C42)C5=CC=CC=C5O,-10.43,labeled_pubchem,train,,53
542_,C1[C@H](N=NC1C2=C3C=CC=CC3=CC4=CC=CC=C42)C5=CC=CC=C5,-10.3,labeled_pubchem,train,,52
543_,C1[C@H](N=NC1C2=C3C=CC=CC3=CC4=CC=CC=C42)C5=CC=C(C=C5)Cl,-10.3,labeled_pubchem,train,,56
544_,C1=CC=[N+](C(=C1)CN=O)CCCCCCC[N+]2=CC=CC=C2CN=O,-12.17,labeled_pubchem,train,,47
545_,CC1(CC2=NC3=NC4=C(CCCC4)C(=C3C(C2C(=O)C1)C5=CC=CC=C5)N)C,-9.87,labeled_pubchem,train,,56
546_,CC1(CC2=NC3=NC4=C(CCCC4)C(=C3C(C2C(=O)C1)C5=CC=C(C=C5)F)N)C,-9.55,labeled_pubchem,train,,59
547_,CC1=CC=C(C=C1)C2C3C(=NC4=NC5=C(CCCC5)C(=C24)N)CC(CC3=O)(C)C,-10.15,labeled_pubchem,train,,59
548_,CC1(CC2=NC3=NC4=C(CCCC4)C(=C3C(C2C(=O)C1)C5=CC=C(C=C5)OC)N)C,-10.1,labeled_pubchem,train,,60
549_,CC1(CC2=NC3=NC4=C(CCCC4)C(=C3C(C2C(=O)C1)C5=CC=NC=C5)N)C,-9.32,labeled_pubchem,train,,56
550_,CC1=C(C=C[P+](O1)(O)OC)C(=O)OC,-4.8,labeled_pubchem,train,test,30
551_,COC1=CC(=C(C=C1)C(=O)C2=C(C(=CC=C2)OC)OC)Br,-11.45,labeled_pubchem,train,,43
552_,COC1=CC=C(C=C1)C(=O)C2=CC(=C(C=C2OC)Br)OC,-11.53,labeled_pubchem,train,,41
553_,COC1=CC=C(C=C1)C(=O)C2=CC(=C(C=C2OC)OC)Br,-11.55,labeled_pubchem,train,,41
554_,C1=CC(=C(C=C1C(=O)C2=C(C=C(C=C2)O)Br)O)O,-11.49,labeled_pubchem,train,,40
555_,C1=CC(=C(C(=C1)O)O)C(=O)C2=C(C=C(C=C2)O)Br,-11.54,labeled_pubchem,train,,42
556_,C1=CC(=CC=C1C(=O)C2=CC(=C(C=C2O)Br)O)O,-11.71,labeled_pubchem,train,,38
557_,C1=CC=C(C=C1)C(=O)C2=CC(=C(C=C2O)Br)O,-11.62,labeled_pubchem,train,,37
558_,C1=CC(=CC=C1C(=O)C2=CC(=C(C=C2O)O)Br)O,-11.29,labeled_pubchem,train,,38
559_,CCN1CCN(CC1)C(=O)COC2=CC=C(C=C2)NC(=O)C,-6.57,labeled_pubchem,train,,39
560_,CC(=O)NC1=CC=C(C=C1)OCC(=O)N2CCN(CC2)C3=CC=CC=C3,-5.97,labeled_pubchem,train,,48
561_,CC(=O)NC1=CC=C(C=C1)OCC(=O)N2CCN(CC2)C3=CC=CC=C3F,-5.93,labeled_pubchem,train,,49
562_,CC(=O)NC1=CC=C(C=C1)OCC(=O)N2CCN(CC2)C3=CC=C(C=C3)F,-7.21,labeled_pubchem,train,,51
563_,CC(=O)NC1=CC=C(C=C1)OCC(=O)N2CCN(CC2)C3=CC=CC=N3,-6.91,labeled_pubchem,train,,48
564_,CC(=O)NC1=CC=C(C=C1)OCC(=O)N2CCN(CC2)C3=NC=CC=N3,-6.1,labeled_pubchem,train,,48
565_,CC(=O)NC1=CC=C(C=C1)OCC(=O)N2CCN(CC2)C(=O)C3=CC=CO3,-6.45,labeled_pubchem,train,,51
566_,CCN1CCN(CC1)CCCOC2=CC=C(C=C2)NC(=O)C,-5.38,labeled_pubchem,train,,36
567_,CC(=O)NC1=CC=C(C=C1)OCCCN2CCN(CC2)C3=CC=CC=C3F,-7.66,labeled_pubchem,train,,46
568_,CC(=O)NC1=CC=C(C=C1)OCCCN2CCN(CC2)C3=CC=C(C=C3)F,-7.38,labeled_pubchem,train,test,48
569_,CC(=O)NC1=CC=C(C=C1)OCCCN2CCN(CC2)C3=CC(=CC=C3)Cl,-6.85,labeled_pubchem,train,test,49
570_,CC(=O)NC1=CC=C(C=C1)OCCCN2CCN(CC2)C3=CC=CC=N3,-7.73,labeled_pubchem,train,,45
571_,CC(=O)NC1=CC=C(C=C1)OCCCN2CCN(CC2)C3=NC=CC=N3,-6.91,labeled_pubchem,train,,45
572_,CC(=O)O[C@H]1CC[C@@]2([C@H]3CC[C@@H]4[C@]5(CC[C@@H](C([C@@H]5CC[C@@]4(C[C@@]3(CC[C@H]2C1(C)C)C)O)(C)C)OC(=O)C)C)C,-7.67,labeled_pubchem,train,,113
573_,C1CCC2=NC3=CC=CC=C3C(=C2C1)NCCCCCCNC(=O)C4=CC5=CC=CC=C5OC4=O,-10.64,labeled_pubchem,train,,60
574_,C[C@@H](CC[C@H]1C(=CC[C@@H]2[C@@]1(CCCC2(C)C)C)CO)CC(=O)OCCCCN3CCCC3,-7.31,labeled_pubchem,train,,68
575_,CCN(CCC(=O)NCCCNC1=C2CCCCC2=NC3=CC=CC=C31)C4CCCCC4,-9.72,labeled_pubchem,train,,50
576_,C1CCC2=NC3=CC=CC=C3C(=C2C1)NCCCCNC(=O)CC4=CC(=O)OC5=C4C=CC(=C5)O,-10.97,labeled_pubchem,train,test,64
577_,CC(C1=CC=CC=C1OC)NS(=O)(=O)N,-10.16,labeled_pubchem,train,,28
578_,CC(C1=CC(=C(C=C1)OC)OC)NS(=O)(=O)N,-11.38,labeled_pubchem,train,test,34
579_,CC(C1=CC=C(C=C1)OC)NS(=O)(=O)N,-11.23,labeled_pubchem,train,,30
580_,C1=CC=C(C(=C1)C[N+]2=CC=C(C=C2)/C=C/3\C4=CC=CC=C4NC3=O)Cl,-12.27,labeled_pubchem,train,,57
581_,CCN(CCC(=O)NCCCCNC1=C2CCCCC2=NC3=CC=CC=C31)C4CCCCC4,-9.03,labeled_pubchem,train,,51
582_,C1CCC2=NC3=CC=CC=C3C(=C2C1)NC(=S)NNC(=O)CC4=CC(=O)OC5=C4C=CC(=C5)O,-6.67,labeled_pubchem,train,test,66
583_,C1CCC2=NC3=CC=CC=C3C(=C2C1)N\4C(=O)CS/C4=N\NC(=O)CC5=CC(=O)OC6=C5C=CC(=C6)O,-6.72,labeled_pubchem,train,,75
584_,C[C@@]12CC[C@@H]3[C@@]([C@H]1CC=C4[C@]2(CC[C@@]5([C@H]4CC(CC5)(C)C)C(=O)OC)C)(C[C@H]([C@@H](C3(C)C)OS(=O)(=O)N)O)C,-6.42,labeled_pubchem,train,test,114
585_,C1CCC2=NC3=CC=CC=C3C(=C2C1)NCCCCCNC(=O)C4=CC5=CC=CC=C5OC4=O,-10.23,labeled_pubchem,train,,59
586_,COC1=CC2=C(C=C1)C=C(C(=O)O2)C(=O)NCCCCCNC3=C4CCCCC4=NC5=CC=CC=C53,-10.07,labeled_pubchem,train,,65
587_,COC1=CC2=C(C=C1)OC(=O)C(=C2)C(=O)NCCCCCNC3=C4CCCCC4=NC5=CC=CC=C53,-10.14,labeled_pubchem,train,,65
588_,CC1=CC2=C(C=C1)OC(=O)C(=C2)C(=O)NCCCCCNC3=C4CCCCC4=NC5=CC=CC=C53,-10.19,labeled_pubchem,train,test,64
589_,COC1=C(C=C2C(=C1)C=C(C(=O)O2)C(=O)NCCCCCNC3=C4CCCCC4=NC5=CC=CC=C53)OC,-9.8,labeled_pubchem,train,,69
590_,C1CCC2=NC3=CC=CC=C3C(=C2C1)NCCCCCNC(=O)C4=CC5=C(C=CC(=C5)OC(F)(F)F)OC4=O,-9.75,labeled_pubchem,train,test,72
591_,COC1=CC2=C(C=C1)C=C(C(=O)O2)C(=O)NCCCCCCNC3=C4CCCCC4=NC5=CC=CC=C53,-10.28,labeled_pubchem,train,,66
592_,COC1=CC2=C(C=C1)OC(=O)C(=C2)C(=O)NCCCCCCNC3=C4CCCCC4=NC5=CC=CC=C53,-10.43,labeled_pubchem,train,,66
593_,CC1=CC2=C(C=C1)OC(=O)C(=C2)C(=O)NCCCCCCNC3=C4CCCCC4=NC5=CC=CC=C53,-10.3,labeled_pubchem,train,,65
594_,COC1=C(C=C2C(=C1)C=C(C(=O)O2)C(=O)NCCCCCCNC3=C4CCCCC4=NC5=CC=CC=C53)OC,-9.93,labeled_pubchem,train,,70
595_,C1CCC2=NC3=CC=CC=C3C(=C2C1)NCCCCCCNC(=O)C4=CC5=C(C=CC(=C5)OC(F)(F)F)OC4=O,-9.89,labeled_pubchem,train,test,73
596_,C1CCC2=NC3=CC=CC=C3C(=C2C1)NCCCCCCCNC(=O)C4=CC5=CC=CC=C5OC4=O,-10.1,labeled_pubchem,train,,61
597_,COC1=CC2=C(C=C1)C=C(C(=O)O2)C(=O)NCCCCCCCNC3=C4CCCCC4=NC5=CC=CC=C53,-9.94,labeled_pubchem,train,,67
598_,COC1=CC2=C(C=C1)OC(=O)C(=C2)C(=O)NCCCCCCCNC3=C4CCCCC4=NC5=CC=CC=C53,-9.98,labeled_pubchem,train,,67
599_,CC1=CC2=C(C=C1)OC(=O)C(=C2)C(=O)NCCCCCCCNC3=C4CCCCC4=NC5=CC=CC=C53,-9.83,labeled_pubchem,train,test,66
600_,COC1=C(C=C2C(=C1)C=C(C(=O)O2)C(=O)NCCCCCCCNC3=C4CCCCC4=NC5=CC=CC=C53)OC,-9.64,labeled_pubchem,train,,71
601_,C1CCC2=NC3=CC=CC=C3C(=C2C1)NCCCCCCCNC(=O)C4=CC5=C(C=CC(=C5)OC(F)(F)F)OC4=O,-9.73,labeled_pubchem,train,test,74
602_,CN(C)C(=O)N1C(=O)C=C(O1)C2CC2,-9.57,labeled_pubchem,train,,29
603_,CC(C)C1=CC(=O)N(O1)C(=O)N(C)C,-8.56,labeled_pubchem,train,test,29
604_,CN(C)C(=O)N1C(=O)C=C(O1)C2CCC2,-9.08,labeled_pubchem,train,,30
605_,CCC(C)C1=CC(=O)N(O1)C(=O)N(C)C,-7.75,labeled_pubchem,train,,30
606_,CN(C)C(=O)N1C(=O)C=C(O1)C2CCCC2,-8.45,labeled_pubchem,train,,31
607_,CCCC(C)C1=CC(=O)N(O1)C(=O)N(C)C,-7.54,labeled_pubchem,train,,31
608_,CCC(CC)C1=CC(=O)N(O1)C(=O)N(C)C,-7.81,labeled_pubchem,train,,31
609_,CC(C)CC1=CC(=O)N(O1)C(=O)N(C)C,-10.28,labeled_pubchem,train,,30
610_,CCC(C)CC1=CC(=O)N(O1)C(=O)N(C)C,-9.52,labeled_pubchem,train,test,31
611_,CC(C)(C)CC1=CC(=O)N(O1)C(=O)N(C)C,-10.38,labeled_pubchem,train,,33
612_,CC(C)CCC1=CC(=O)N(O1)C(=O)N(C)C,-9.71,labeled_pubchem,train,,31
613_,CN(C)C(=O)N1C(=O)C=C(O1)CCC2CC2,-9.37,labeled_pubchem,train,,31
614_,CN(C)C(=O)N1C(=O)C=C(O1)CCC2CCC2,-9.75,labeled_pubchem,train,,32
615_,CN(C)C(=O)N1C(=O)C=C(O1)CCC2CCCC2,-9.63,labeled_pubchem,train,,33
616_,CCCC(C)C1=CC(=O)N(O1)C(=O)N2CCC2,-7.85,labeled_pubchem,train,test,32
617_,CCCC(C)C1=CC(=O)N(O1)C(=O)N(C)CC,-8.17,labeled_pubchem,train,test,32
618_,CCCC(C)C1=CC(=O)N(O1)C(=O)N(CC)CC,-9.23,labeled_pubchem,train,,33
619_,CCCC(C)C1=CC(=O)N(O1)C(=O)N2CCCC2,-8.79,labeled_pubchem,train,test,33
620_,CCCC(C)C1=CC(=O)N(O1)C(=O)N2CCOCC2,-10.38,labeled_pubchem,train,,34
621_,CN(C)C(=O)OC1=NOC(=C1)C2CC2,-11.91,labeled_pubchem,train,test,27
622_,CC(C)C1=CC(=NO1)OC(=O)N(C)C,-11.43,labeled_pubchem,train,,27
623_,CN(C)C(=O)OC1=NOC(=C1)C2CCC2,-11.94,labeled_pubchem,train,test,28
624_,CCC(C)C1=CC(=NO1)OC(=O)N(C)C,-9.89,labeled_pubchem,train,test,28
625_,CN(C)C(=O)OC1=NOC(=C1)C2CCCC2,-11.41,labeled_pubchem,train,,29
626_,CCCC(C)C1=CC(=NO1)OC(=O)N(C)C,-9.98,labeled_pubchem,train,,29
627_,CCC(CC)C1=CC(=NO1)OC(=O)N(C)C,-11.02,labeled_pubchem,train,,29
628_,CCCCC(CC)C1=CC(=NO1)OC(=O)N(C)C,-11.88,labeled_pubchem,train,,31
629_,CC(C)CC1=CC(=NO1)OC(=O)N(C)C,-12.04,labeled_pubchem,train,,28
630_,CCC(C)CC1=CC(=NO1)OC(=O)N(C)C,-12.01,labeled_pubchem,train,,29
631_,CC(C)(C)CC1=CC(=NO1)OC(=O)N(C)C,-12.81,labeled_pubchem,train,test,31
632_,CC(C)CCC1=CC(=NO1)OC(=O)N(C)C,-11.94,labeled_pubchem,train,,29
633_,CN(C)C(=O)OC1=NOC(=C1)CCC2CC2,-11.06,labeled_pubchem,train,,29
634_,CN(C)C(=O)OC1=NOC(=C1)CCC2CCC2,-11.15,labeled_pubchem,train,test,30
635_,CN(C)C(=O)OC1=NOC(=C1)CCC2CCCC2,-10.8,labeled_pubchem,train,test,31
636_,CCCC(C)C1=CC(=NO1)OC(=O)N(C)CC,-11.01,labeled_pubchem,train,,30
637_,CCCC(C)C1=CC(=NO1)OC(=O)N2CCCC2,-12.04,labeled_pubchem,train,,31
638_,CCCC(C)C1=CC(=NO1)OC(=O)N2CCOCC2,-11.73,labeled_pubchem,train,,32
639_,CCOC1=CC2=C(C=C1)C(=O)/C(=C/C3=CC=C(C=C3)OCCN4CCCCC4)/CO2.Cl,-8.99,labeled_pubchem,train,,60
640_,CC1=C(C(=O)OC2=C1C=CC(=C2)OCCN3CCN(CC3)CCCNC4=C5CCCCC5=NC6=CC=CC=C64)C,-10.23,labeled_pubchem,train,,70
641_,CC1C2C(C3=C(C4=C(CCCC4)N=C3OC2NN1)N)C5=CC(=C(C=C5)OC)OC,-8.64,labeled_pubchem,train,,55
642_,COC1=C(C=C(C=C1)CN2CCCCC2COC3=NC=C(C=C3)C(=O)/C=N\O)OC,-9.08,labeled_pubchem,train,test,54
643_,C1CN(CCC1COC2=NC=C(C=C2)C(=O)/C=N\O)CC3=CC=CC=C3,-10.28,labeled_pubchem,train,,48
644_,CC(C1=CC=CC=C1OC)NS(=O)(=O)NC(=O)OCC2=CC=CC=C2,-11.3,labeled_pubchem,train,,46
645_,CC(C1=CC=C(C=C1)OC)NS(=O)(=O)NC(=O)OCC2=CC=CC=C2,-11.43,labeled_pubchem,train,,48
646_,CC(C1=CC(=C(C=C1)OC)OC)NS(=O)(=O)NC(=O)OCC2=CC=CC=C2,-11.35,labeled_pubchem,train,,52
647_,CC(C1=C(C=CC(=C1)OC)OC)NS(=O)(=O)NC(=O)OCC2=CC=CC=C2,-10.46,labeled_pubchem,train,,52
648_,CC(C1=C(C=CC=C1OC)OC)NS(=O)(=O)NC(=O)OCC2=CC=CC=C2,-10.9,labeled_pubchem,train,,50
649_,CC(C1=C(C=CC=C1OC)OC)NS(=O)(=O)N,-11.08,labeled_pubchem,train,,32
650_,C[C@@]12CC[C@@H]3[C@@]([C@H]1CC[C@H]4C(=CC[C@@H]5[C@@]4(CC[C@H]([C@]5(C)CO)O)C)C2)(CC[C@@H]([C@]3(C)C(=O)O)OC(=O)CCC6=CC=C(C=C6)O)C,-6.98,labeled_pubchem,train,,131
651_,CCCC[C@H](/C=C/C=C/C(=O)O)O,-8.12,labeled_pubchem,train,,27
652_,CC(=C)[C@@H]1CC[C@@]2([C@@H]([C@@]1(C)CCC(=O)O)CC[C@H]3[C@]2(CC[C@]45[C@@H]3[C@H](C(CC4)(C)C)OC5)C)C,-6.16,labeled_pubchem,train,,100
653_,CC(=C)[C@@H]1CC[C@@]2([C@@H]([C@@]1(C)CCC(=O)OCC#C)CC[C@H]3[C@]2(CC[C@]45[C@@H]3[C@H](C(CC4)(C)C)OC5)C)C,-7.59,labeled_pubchem,train,test,104
654_,C[C@@]12CC[C@@]34CCC([C@@H]([C@@H]3[C@H]1CC[C@H]5[C@]2(CC[C@H]([C@]5(C)CC(=O)OCC#C)C(C)(C)C(=O)OCC#C)C)OC4)(C)C,-7.06,labeled_pubchem,train,,111
655_,CC1=C(C(=O)OC2=C1C=CC(=C2)OCCCCCCN(C)CC3=CC=CC=C3)C,-9.72,labeled_pubchem,train,,51
656_,CN(CC1=CC=CC=C1)CC2=CC=C(C=C2)COC3=CC4=C(C=C3)C(=CC(=O)O4)CO.Cl,-9.58,labeled_pubchem,train,,63
657_,C[C@@]12CC[C@@]34CCC([C@@H]([C@@H]3[C@H]1CC[C@H]5[C@]2(CC[C@H]([C@]5(C)CC(=O)OCCC=C)C(C)(C)C(=O)OCC=C)C)OC4)(C)C,-7.49,labeled_pubchem,train,,112
658_,CC1=C(C2=C(CCC(O2)(C)C(=O)NCCCCCCCCNC3=C4CCCCC4=NC5=C3C=CC(=C5)Cl)C(=C1O)C)C,-10.0,labeled_pubchem,train,,76
659_,COC1=CC=CC(=C1)CCCCCCCCN2CCCC2,-6.37,labeled_pubchem,train,,30
660_,CC(=O)OC1CCCN(C1)CCCCCCCCC2=CC(=CC=C2)OC,-6.46,labeled_pubchem,train,,40
661_,CN(C)C(=O)OC1CCN(C1)CCCCCCCCC2=CC(=CC=C2)OC,-6.94,labeled_pubchem,train,,43
662_,CN(C)C(=O)OC1CCCN(C1)CCCCCCCCC2=CC(=CC=C2)OC,-6.37,labeled_pubchem,train,test,44
663_,CCN(CCCCCCCCC1=CC(=CC=C1)OC)CC2=CC=CC=C2OC,-6.32,labeled_pubchem,train,,42
664_,CCN(CCCCCCCCC1=CC(=CC=C1)OC)CC2=CC=CC=C2,-6.82,labeled_pubchem,train,,40
665_,CN(C)C(=O)N[C@H]1CCC2=C(C1)C=CC=C2O,-12.04,labeled_pubchem,train,,35
666_,CN(C)C(=O)N[C@H]1CCC2=C(C1)C=CC=C2OC,-12.33,labeled_pubchem,train,,36
667_,CC(=O)O[C@@H]1C[C@]2([C@@H](CC[C@@]3([C@@H]2CC=C4[C@]3(CC[C@@]5([C@H]4CC(CC5)(C)C)C(=O)NCC6=CC=CC=C6)C)C)C([C@H]1OC(=O)C)(C)C)C,-6.56,labeled_pubchem,train,test,127
668_,C[C@@]12CC[C@@H]3[C@@]([C@H]1CC=C4[C@]2(CC[C@@]5([C@H]4CC(CC5)(C)C)C(=O)NCC6=CC=CC=C6)C)(C[C@H]([C@@H](C3(C)C)OC(=O)CCl)OC(=O)CCl)C,-6.3,labeled_pubchem,train,,131
669_,CN(C)C(=O)NC1CCC2=C(C1)C=CC(=C2)OC,-12.56,labeled_pubchem,train,,34
670_,CN(C)S(=O)(=O)NC1CCC2=C(C1)C=C(C=C2)O,-12.52,labeled_pubchem,train,,37
671_,C[C@@]12CC[C@@H]3[C@@]([C@H]1CC=C4[C@]2(CC[C@@]5([C@H]4CC(CC5)(C)C)C(=O)O)C)(C[C@@H]([C@@H](C3(C)C)OC(=O)CCl)OC(=O)CCl)C,-7.07,labeled_pubchem,train,test,120
672_,C[C@@]12CC[C@@H]3[C@@]([C@H]1CC=C4[C@]2(CC[C@@]5([C@H]4CC(CC5)(C)C)C(=O)O)C)(C[C@H]([C@@H](C3(C)C)OC(=O)CCl)OC(=O)CCl)C,-6.68,labeled_pubchem,train,,119
673_,C[C@@]12CC[C@@H]3[C@@]([C@H]1CC=C4[C@]2(CC[C@@]5([C@H]4CC(CC5)(C)C)C(=O)NCC6=CC=CC=C6)C)(C[C@@H]([C@@H](C3(C)C)OC(=O)CCl)OC(=O)CCl)C,-7.13,labeled_pubchem,train,,132
674_,CN(C)S(=O)(=O)NC1CCC2=C(C1)C=CC=C2O,-12.17,labeled_pubchem,train,,35
675_,CN(C)S(=O)(=O)N[C@H]1CCC2=C(C1)C=CC(=C2)O,-12.21,labeled_pubchem,train,,41
676_,CN(C)C(=O)N[C@H]1CCC2=C(C1)C=C(C=C2)OC,-12.27,labeled_pubchem,train,,38
677_,CN(C)S(=O)(=O)NC1CCC2=C(C1)C=CC=C2OC,-12.8,labeled_pubchem,train,,36
678_,CN(C)S(=O)(=O)NC1CCC2=C(C1)C=CC(=C2)OC,-12.27,labeled_pubchem,train,,38
679_,CN(C)S(=O)(=O)NC1CCC2=C(C1)C=C(C=C2)OC,-12.43,labeled_pubchem,train,,38
680_,CN(C)C(=O)NC1CCC2=C(C1)C=CC(=C2)O,-12.17,labeled_pubchem,train,test,33
681_,CN(C)C(=O)N[C@H]1CCC2=C(C1)C=C(C=C2)O,-12.01,labeled_pubchem,train,,37
682_,COC1=CC=CC(=C1)CCCCCCCCNCC2=CC=CC=C2OC,-6.53,labeled_pubchem,train,,38
683_,C1CCN(C1)CCCCCCCCOC2=CC3=C(C=C2)C(=O)C=C(O3)C4=CC=CC5=CC=CC=C54,-9.15,labeled_pubchem,train,,63
684_,COC1=CC2=C(C/C(=C\C3CCN(CC3)CC4=CC5=C(C=C4)OCO5)/C2=O)C=C1,-6.03,labeled_pubchem,train,test,58
685_,COC1=CC=CC2=C1C(=O)/C(=C/C3CCN(CC3)CC4=CC5=C(C=C4)OCO5)/C2,-6.49,labeled_pubchem,train,test,58
686_,C1CCN(CC1)CCOC2=CC=C(C=C2)/C=C/3\CCCC(=C3O)C(=O)C4=CC=CC=C4,-7.83,labeled_pubchem,train,,59
687_,COC1=CC=CC(=C1)CN2CCC(CC2)/C=C/3\CC4=C(C3=O)C(=CC=C4)OC,-6.52,labeled_pubchem,train,,55
688_,COC1=CC=CC2=C1C(=O)/C(=C/C3CCN(CC3)CC4=CC=CC=C4)/C2,-7.85,labeled_pubchem,train,,51
689_,COC1=CC2=C(C=C1)C(=O)/C(=C/C3CCN(CC3)CC4=CC(=CC=C4)OC)/C2,-8.57,labeled_pubchem,train,,57
690_,COC1=CC2=C(C/C(=C\C3CCN(CC3)CC4=CC(=CC=C4)OC)/C2=O)C=C1,-5.37,labeled_pubchem,train,,55
691_,COC1=C(C=C2C/C(=C\C3CCN(CC3)CC4=CC=CC=C4)/C(=O)C2=C1)O,-7.6,labeled_pubchem,train,,54
692_,C1CN(CCC1/C=C/2\CC3=C(C2=O)C=C(C=C3)O)CC4=CC=CC=C4,-7.36,labeled_pubchem,train,,50
693_,C1CN(CCC1/C=C/2\CC3=C(C2=O)C(=CC=C3)O)CC4=CC=CC=C4,-8.83,labeled_pubchem,train,,50
694_,C1CN(CCC1/C=C/2\CC3=C(C2=O)C=CC(=C3)O)CC4=CC=CC=C4,-7.81,labeled_pubchem,train,,50
695_,CC1=C(C(C2=C(C3=C(CCCC3)N=C2O1)N)C4=C(N=C5C=C(C=CC5=C4)OC)Cl)C(=O)OC,-10.75,labeled_pubchem,train,,68
696_,CN(C)C(=O)OC1=CC=CC(=C1)C(=O)/C=C/C2=CC=C(C=C2)O,-8.6,labeled_pubchem,train,,48
697_,CCO[P@@](=O)(C1=CC=CC=C1)SCC,-6.91,labeled_pubchem,train,,28
698_,COC1=CC(=CC(=C1)N=CC2=CC(=C(C(=C2)OC)OC)OC)OC,-8.41,labeled_pubchem,train,,45
699_,C1=CC=C2C(=C1)C(=CN2)CCNC(=O)C3=CC4=C(C=C(C=C4)OCC5=CC=C(C=C5)F)OC3=O,-8.64,labeled_pubchem,train,,69
700_,CC(=O)OC1=CC=CC(=C1)C(=O)NC2=NN=C(S2)C3=CC=CC=C3Cl,-8.48,labeled_pubchem,train,,50
701_,C#CCN(CC1=NC2=C(C=CC=C2O)C=C1)C(CCC3CCN(CC3)CC4=CC=CC=C4)C#N,-10.71,labeled_pubchem,train,,60
702_,CC1=CC=C(C=C1)C2=NN=C(S2)NC(=O)C3=CC(=CC(=C3)C(F)(F)F)C(F)(F)F,-7.43,labeled_pubchem,train,,62
703_,C1N(CCN(C1)/C(=N/C(=NC2=CC=CC=C2Br)N)/N)/C(=N/C(=NC3=CC=CC=C3Br)N)/N,-6.69,labeled_pubchem,train,,68
704_,C1N(CCN(C1)/C(=N/C(=NC2=CC=C(C=C2)I)N)/N)/C(=N/C(=NC3=CC=C(C=C3)I)N)/N,-6.57,labeled_pubchem,train,,70
705_,COC1=CC=C(C=C1)NC(=NCCCCCN2C[C@@H]([C@H]([C@@H]([C@H]2CO)O)O)O)[Se],-5.69,labeled_pubchem,train,,67
706_,CN(C)CCN1CCN(CC1)CC(=O)NC2=NC3=CC(=C(C=C3S2)OC)OC,-9.53,labeled_pubchem,train,,49
707_,C1[C@@H]([C@H]([C@@H]([C@H](N1CCCCCN=C(NC2=CC=C(C=C2)Br)[Se])CO)O)O)O,-6.97,labeled_pubchem,train,,69
708_,C1=CC=C(C(=C1)C2=NN=C(S2)NC(=O)C3=CC(=CC(=C3)C(F)(F)F)C(F)(F)F)Cl,-8.23,labeled_pubchem,train,test,65
709_,C1=CC=C(C=C1)C2=NN=C(S2)NC(=O)C3=CC=CC(=C3)CCl,-8.31,labeled_pubchem,train,,46
710_,C1N(CCN(C1)/C(=N/C(=NC2=CC(=CC=C2)Br)N)/N)/C(=N/C(=NC3=CC(=CC=C3)Br)N)/N,-6.71,labeled_pubchem,train,test,72
711_,CC(=CCC1=C(C(=CC(=C1)O)SC2=CC=CC=C2C(=O)O)O)C,-13.22,labeled_pubchem,train,,45
712_,CC(C1=CC=C(C=C1)N=C(/N=C(/N2CCN(CC2)/C(=N/C(=NC3=CC=C(C=C3)C(C)(C)C)N)/N)\N)N)(C)C,-7.2,labeled_pubchem,train,test,82
713_,C1N(CCN(C1)/C(=N/C(=NC2=CC(=CC=C2)F)N)/N)/C(=N/C(=NC3=CC(=CC=C3)F)N)/N,-6.03,labeled_pubchem,train,,70
714_,C1N(CCN(C1)/C(=N/C(=NC2=CC=CC=C2I)N)/N)/C(=N/C(=NC3=CC=CC=C3I)N)/N,-7.95,labeled_pubchem,train,test,66
715_,C1N(CCN(C1)/C(=N/C(=NC2=CC=C(C=C2)[N+](=O)[O-])N)/N)/C(=N/C(=NC3=CC=C(C=C3)[N+](=O)[O-])N)/N,-8.09,labeled_pubchem,train,,92
716_,C1=CC=C(C=C1)CC2=NN=C(S2)NC(=O)C3=CC=CC(=C3)CCl,-7.25,labeled_pubchem,train,,47
717_,CC1=CC=C(C=C1)C2=NN=C(S2)NC(=O)C3=CC=CC(=C3)CCl,-7.41,labeled_pubchem,train,,47
718_,C1N(CCN(C1)/C(=N/C(=NC2=CC(=CC=C2)I)N)/N)/C(=N/C(=NC3=CC(=CC=C3)I)N)/N,-7.02,labeled_pubchem,train,test,70
719_,CC(CC(=O)NC1=NN=C(S1)CC2=CC=CC=C2)CC(C)(C)C,-7.39,labeled_pubchem,train,,43
720_,C1N(CCN(C1)/C(=N/C(=NC2=CC=C(C=C2)OC(F)(F)F)N)/N)/C(=N/C(=NC3=CC=C(C=C3)OC(F)(F)F)N)/N,-6.1,labeled_pubchem,train,,86
721_,CN(C)CCCN1CCN(CC1)CC(=O)NC2=NC3=CC(=C(C=C3S2)OC)OC,-9.04,labeled_pubchem,train,,50
722_,COC1=CC=CC=C1N=C(/N=C(/N2CCN(CC2)/C(=N/C(=NC3=CC=CC=C3OC)N)/N)\N)N,-7.0,labeled_pubchem,train,test,66
723_,C1CCC2=C(C3=C(C=C2C1)OC4=NNC(=C4C3C5=CC=C(C=C5)F)C6=CC=CC=C6)N,-8.64,labeled_pubchem,train,,62
724_,C1=CC=C(C(=C1)C2=NN=C(S2)NC(=O)C3=CC=CC(=C3)CCl)Cl,-8.46,labeled_pubchem,train,,50
725_,C1N(CCN(C1)/C(=N/C(=NC2=CC=CC=C2F)N)/N)/C(=N/C(=NC3=CC=CC=C3F)N)/N,-6.2,labeled_pubchem,train,test,66
726_,CC1=CC=C(C=C1)NC(=NCCCCCN2C[C@@H]([C@H]([C@@H]([C@H]2CO)O)O)O)[Se],-5.99,labeled_pubchem,train,,66
727_,C1N(CCN(C1)/C(=N/C(=NC2=CC=CC=C2)N)/N)/C(=N/C(=NC3=CC=CC=C3)N)/N,-6.18,labeled_pubchem,train,,64
728_,C1N(CCN(C1)/C(=N/C(=NC2=C(C=C(C=C2)Cl)Cl)N)/N)/C(=N/C(=NC3=C(C=C(C=C3)Cl)Cl)N)/N,-6.27,labeled_pubchem,train,test,80
729_,C1N(CCN(C1)/C(=N/C(=NC2=CC=CC=C2Cl)N)/N)/C(=N/C(=NC3=CC=CC=C3Cl)N)/N,-6.43,labeled_pubchem,train,test,68
730_,COC1=CC=CC(=C1)N=C(/N=C(/N2CCN(CC2)/C(=N/C(=NC3=CC(=CC=C3)OC)N)/N)\N)N,-6.38,labeled_pubchem,train,test,70
731_,CC1=CC=C(C=C1)C2=NN=C(S2)NC(=O)CC(C)CC(C)(C)C,-6.95,labeled_pubchem,train,,45
732_,CC(=O)OC1=CC=CC(=C1)C(=O)NC2=NN=C(S2)CC3=CC=CC=C3,-7.18,labeled_pubchem,train,,49
733_,COC1=CC(=CC(=C1OC)OC)N=C(/N=C(/N2CCN(CC2)/C(=N/C(=NC3=CC(=C(C(=C3)OC)OC)OC)N)/N)\N)N,-6.5,labeled_pubchem,train,,84
734_,CC(=O)OC1=CC=CC(=C1)C(=O)NC2=NN=C(S2)C3=CC=CC=C3,-8.27,labeled_pubchem,train,,48
735_,CC(=CCC/C(=C/CC/C(=C/CC/C(=C/CC1=C(C(=CC(=C1)O)SC2=CC=CC=C2C(=O)O)O)/C)/C)/C)C,-16.74,labeled_pubchem,train,,78
736_,CC(CC(=O)NC1=NN=C(S1)C2=CC(=CC=C2)Cl)CC(C)(C)C,-7.63,labeled_pubchem,train,,46
737_,CC1=CC=C(C=C1)C2=NN=C(S2)NC(=O)C3=CC(=CC=C3)OC(=O)C,-7.43,labeled_pubchem,train,,51
738_,CC(CC(=O)NC1=NN=C(S1)C2=CC=CC=C2)CC(C)(C)C,-7.01,labeled_pubchem,train,,42
739_,C/C(=N\O)/[C@@H]1CC[C@]2([C@H]1[C@H]3CC[C@@H]4[C@]5(CC[C@@H](C([C@@H]5CC[C@]4([C@@]3(CC2)C)C)(C)C)OC(=O)C)C)C(=O)OC,-6.81,labeled_pubchem,train,,115
740_,CC(=O)[C@@H]1CC[C@]2([C@H]1[C@H]3CC[C@@H]4[C@]5(CC[C@@H](C([C@@H]5CC[C@]4([C@@]3(CC2)C)C)(C)C)O)C)N,-6.41,labeled_pubchem,train,test,99
741_,C[C@@H]([C@@H]1CC[C@]2([C@H]1[C@H]3CC[C@@H]4[C@]5(CC[C@@H](C([C@@H]5CC[C@]4([C@@]3(CC2)C)C)(C)C)OC(=O)C)C)C(=O)OCC6=CC=CC=C6)N,-6.46,labeled_pubchem,train,,126
742_,CC(=O)[C@@H]1CC[C@]2([C@H]1[C@H]3CC[C@@H]4[C@]5(CC[C@@H](C([C@@H]5CC[C@]4([C@@]3(CC2)C)C)(C)C)N)C)C(=O)OCC6=CC=CC=C6,-6.15,labeled_pubchem,train,test,116
743_,CC(=O)[C@@H]1CC[C@]2([C@H]1[C@H]3CC[C@@H]4[C@]5(CC[C@@H](C([C@@H]5CC[C@]4([C@@]3(CC2)C)C)(C)C)OC(=O)C)C)C(=O)OCC6=CC=CC=C6,-9.39,labeled_pubchem,train,test,122
744_,C[C@@H]([C@@H]1CC[C@]2([C@H]1[C@H]3CC[C@@H]4[C@]5(CC[C@@H](C([C@@H]5CC[C@]4([C@@]3(CC2)C)C)(C)C)OC(=O)C)C)C(=O)OC)NC(=O)C,-6.35,labeled_pubchem,train,,121
745_,CC(=O)[C@@H]1CC[C@]2([C@H]1[C@H]3CC[C@@H]4[C@]5(CC[C@@H](C([C@@H]5CC[C@]4([C@@]3(CC2)C)C)(C)C)O)C)C(=O)NCCN,-6.95,labeled_pubchem,train,,107
746_,COC1=C(C=CC(=C1)/C=C/C(=O)NC2=CC=CC=C2)OCCCCCCN3CCCCC3,-8.46,labeled_pubchem,train,,54
747_,C[C@H]([C@@H]1CC[C@]2([C@H]1[C@H]3CC[C@@H]4[C@]5(CC[C@@H](C([C@@H]5CC[C@]4([C@@]3(CC2)C)C)(C)C)O)C)C(=O)OCC6=CC=CC=C6)N,-6.35,labeled_pubchem,train,,119
748_,CC(=O)[C@@H]1CC[C@]2([C@H]1[C@H]3CC[C@@H]4[C@]5(CC[C@@H](C([C@@H]5CC[C@]4([C@@]3(CC2)C)C)(C)C)OC(=O)C)C)C(=O)N,-6.88,labeled_pubchem,train,test,110
749_,C[C@H]([C@@H]1CC[C@]2([C@H]1[C@H]3CC[C@@H]4[C@]5(CC[C@@H](C([C@@H]5CC[C@]4([C@@]3(CC2)C)C)(C)C)O)C)CO)N,-5.65,labeled_pubchem,train,,103
750_,CC(=O)[C@@H]1CC[C@]2([C@H]1[C@H]3CC[C@@H]4[C@]5(CCC(=O)C([C@@H]5CC[C@]4([C@@]3(CC2)C)C)(C)C)C)C(=O)OCC6=CC=CC=C6,-7.47,labeled_pubchem,train,,112
751_,CCOC(=O)C1=C(OC2=NC3=C(CCCC3)C(=C2C1C4=CC(=CC=C4)Br)N)C5=CC=CC=C5,-10.01,labeled_pubchem,train,,65
752_,C/C(=N\O)/[C@@H]1CC[C@]2([C@H]1[C@H]3CC[C@@H]4[C@]5(CC[C@@H](C([C@@H]5CC[C@]4([C@@]3(CC2)C)C)(C)C)OC(=O)C)C)C(=O)O,-6.54,labeled_pubchem,train,,114
753_,C/C(=N/O)/[C@@H]1CC[C@]2([C@H]1[C@H]3CC[C@@H]4[C@]5(CC[C@@H](C([C@@H]5CC[C@]4([C@@]3(CC2)C)C)(C)C)OC(=O)C)C)C(=O)OC,-6.87,labeled_pubchem,train,,115
754_,COC1=CC=CC(=C1)C2C3=C(C4=C(C=CC=N4)C=C3)OC5=NC6=C(CCCC6)C(=C25)N,-8.3,labeled_pubchem,train,,64
755_,CC(=O)[C@@H]1CC[C@]2([C@H]1[C@H]3CC[C@@H]4[C@]5(CC[C@H](C([C@@H]5CC[C@]4([C@@]3(CC2)C)C)(C)C)N)C)C(=O)OCC6=CC=CC=C6,-6.42,labeled_pubchem,train,,115
756_,C[C@H]([C@@H]1CC[C@]2([C@H]1[C@H]3CC[C@@H]4[C@]5(CC[C@@H](C([C@@H]5CC[C@]4([C@@]3(CC2)C)C)(C)C)OC(=O)C)C)C(=O)OCC6=CC=CC=C6)N,-6.74,labeled_pubchem,train,test,125
757_,C[C@H]([C@@H]1CC[C@]2([C@H]1[C@H]3CC[C@@H]4[C@]5(CC[C@@H](C([C@@H]5CC[C@]4([C@@]3(CC2)C)C)(C)C)OC(=O)C)C)C(=O)O)N,-6.41,labeled_pubchem,train,test,113
758_,CC(=O)N[C@@H]1CC[C@]2([C@H]1[C@H]3CC[C@@H]4[C@]5(CC[C@@H](C([C@@H]5CC[C@]4([C@@]3(CC2)C)C)(C)C)OC(=O)C)C)C(=O)OC,-6.64,labeled_pubchem,train,test,112
759_,C[C@H]([C@@H]1CC[C@]2([C@H]1[C@H]3CC[C@@H]4[C@]5(CC[C@@H](C([C@@H]5CC[C@]4([C@@]3(CC2)C)C)(C)C)OC(=O)C)C)COC(=O)C)N,-7.32,labeled_pubchem,train,,115
760_,CC(=O)[C@@H]1CC[C@]2([C@H]1[C@H]3CC[C@@H]4[C@]5(CC[C@@H](C([C@@H]5CC[C@]4([C@@]3(CC2)C)C)(C)C)OC(=O)C)C)C(=O)NCCN,-7.31,labeled_pubchem,train,,113
761_,COC1=C(C=C2C(=C1)C(=O)/C(=C/C3=CC(=C(C=C3)CN4CCCCC4)O)/O2)OC,-10.84,labeled_pubchem,train,,60
